Date,Payment_Sum,Payment_Count,Payment_Mean,Year
8/1/2013,16063884.32,48786,329.27,2013
8/2/2013,5011566.78,26368,190.06,2013
8/3/2013,1020746.95,4748,214.98,2013
8/4/2013,388447.33,1706,227.69,2013
8/5/2013,4027136.2,30798,130.76,2013
8/6/2013,6191228.67,41357,149.7,2013
8/7/2013,6036953.25,41000,147.24,2013
8/8/2013,8231687.86,39945,206.08,2013
8/9/2013,9210323.61,26436,348.4,2013
8/10/2013,637617.6,3754,169.85,2013
8/11/2013,332186.46,1809,183.63,2013
8/12/2013,5295349.42,33083,160.06,2013
8/13/2013,6410187.9,43980,145.75,2013
8/14/2013,6648343.56,42826,155.24,2013
8/15/2013,17711453.02,43970,402.81,2013
8/16/2013,6189136.77,28650,216.03,2013
8/17/2013,409607.59,3577,114.51,2013
8/18/2013,304103.84,1752,173.58,2013
8/19/2013,3754577.75,34707,108.18,2013
8/20/2013,11692078.36,45235,258.47,2013
8/21/2013,7000501.42,45884,152.57,2013
8/22/2013,7611430.58,44013,172.94,2013
8/23/2013,8135861.52,31257,260.29,2013
8/24/2013,735049.73,6810,107.94,2013
8/25/2013,396306.03,2457,161.3,2013
8/26/2013,4865568.72,33541,145.06,2013
8/27/2013,63346048.28,44518,1422.93,2013
8/28/2013,11991837.7,43456,275.95,2013
8/29/2013,9061844.39,41230,219.79,2013
8/30/2013,4112079.98,24245,169.61,2013
8/31/2013,996584.63,2734,364.52,2013
9/1/2013,1990361.22,1216,1636.81,2013
9/2/2013,603677.44,1222,494.01,2013
9/3/2013,4394285.99,30764,142.84,2013
9/4/2013,7683594.9,37971,202.35,2013
9/5/2013,5357785.52,38964,137.51,2013
9/6/2013,4213267.7,30527,138.02,2013
9/7/2013,685533.79,5384,127.33,2013
9/8/2013,571753.24,2532,225.81,2013
9/9/2013,4850933.77,36197,134.01,2013
9/10/2013,12636248.71,46435,272.13,2013
9/11/2013,9256968.42,46556,198.84,2013
9/12/2013,6749204.21,48831,138.22,2013
9/13/2013,5352803.01,31560,169.61,2013
9/14/2013,637734.02,4436,143.76,2013
9/15/2013,662653.77,2044,324.19,2013
9/16/2013,11447538.48,36836,310.77,2013
9/17/2013,5680299.42,50239,113.07,2013
9/18/2013,11318997.48,48937,231.3,2013
9/19/2013,8656963.4,51485,168.15,2013
9/20/2013,4328634.44,34195,126.59,2013
9/21/2013,2113124.03,8162,258.9,2013
9/22/2013,657091.32,3328,197.44,2013
9/23/2013,4688807.6,37678,124.44,2013
9/24/2013,7495554.71,46840,160.02,2013
9/25/2013,9398918.9,47667,197.18,2013
9/26/2013,9580424.09,48412,197.89,2013
9/27/2013,14627413.31,32256,453.48,2013
9/28/2013,1123365.94,7269,154.54,2013
9/29/2013,534746.98,2248,237.88,2013
9/30/2013,8472270.12,33755,250.99,2013
10/1/2013,8121431.07,41020,197.99,2013
10/2/2013,8799206.63,41202,213.56,2013
10/3/2013,17115767.71,43732,391.38,2013
10/4/2013,4548643.43,30831,147.53,2013
10/5/2013,1251496.34,6902,181.32,2013
10/6/2013,668966.32,3156,211.97,2013
10/7/2013,4151949.89,33446,124.14,2013
10/8/2013,5574585.06,44567,125.08,2013
10/9/2013,7988171.5,45445,175.78,2013
10/10/2013,8279715.16,46874,176.64,2013
10/11/2013,8296712.79,31098,266.79,2013
10/12/2013,2022734.07,7820,258.66,2013
10/13/2013,541468.6,2703,200.32,2013
10/14/2013,4150398.15,31561,131.5,2013
10/15/2013,5992062.98,43758,136.94,2013
10/16/2013,7501649.61,46976,159.69,2013
10/17/2013,10266609.48,47996,213.91,2013
10/18/2013,5613801.28,33576,167.2,2013
10/19/2013,1714886.32,7880,217.63,2013
10/20/2013,599186.2,2282,262.57,2013
10/21/2013,5353220.14,34655,154.47,2013
10/22/2013,7661999.56,47943,159.81,2013
10/23/2013,10088152.89,48450,208.22,2013
10/24/2013,9766953.08,50283,194.24,2013
10/25/2013,5921645.28,34599,171.15,2013
10/26/2013,1661504.48,7637,217.56,2013
10/27/2013,571346.59,3071,186.05,2013
10/28/2013,5661674.11,36106,156.81,2013
10/29/2013,9574128.56,49449,193.62,2013
10/30/2013,8265298.31,47628,173.54,2013
10/31/2013,17667157.12,40054,441.08,2013
11/1/2013,15676961.52,30347,516.59,2013
11/2/2013,1507520.76,6648,226.76,2013
11/3/2013,576362.74,2155,267.45,2013
11/4/2013,4585323.6,36345,126.16,2013
11/5/2013,5667809.58,46675,121.43,2013
11/6/2013,10527510.78,47939,219.6,2013
11/7/2013,9901467.5,51812,191.1,2013
11/8/2013,9899864.14,34232,289.2,2013
11/9/2013,1496380.83,8089,184.99,2013
11/10/2013,1109126.94,2765,401.13,2013
11/11/2013,4909184.64,34338,142.97,2013
11/12/2013,9463110.87,49284,192.01,2013
11/13/2013,18115589.08,51181,353.95,2013
11/14/2013,12897428.15,52702,244.72,2013
11/15/2013,14614170.76,38114,383.43,2013
11/16/2013,1600821.36,8391,190.78,2013
11/17/2013,1037188.93,4206,246.6,2013
11/18/2013,4562289.47,38423,118.74,2013
11/19/2013,14043580.22,53010,264.92,2013
11/20/2013,8092797.98,49363,163.94,2013
11/21/2013,72720974.36,49567,1467.12,2013
11/22/2013,7160821.54,32343,221.4,2013
11/23/2013,1155666.94,5493,210.39,2013
11/24/2013,435755.32,1595,273.2,2013
11/25/2013,6218964.62,33244,187.07,2013
11/26/2013,11419596.63,35545,321.27,2013
11/27/2013,6452033.78,17586,366.88,2013
11/28/2013,541309.87,2202,245.83,2013
11/29/2013,1307346.34,1962,666.33,2013
11/30/2013,1037822.15,1583,655.6,2013
12/1/2013,1453230.2,2184,665.4,2013
12/2/2013,8297562.97,29930,277.23,2013
12/3/2013,9697287.13,41499,233.68,2013
12/4/2013,6443101.88,42596,151.26,2013
12/5/2013,12629149.65,43861,287.94,2013
12/6/2013,6853330.13,31861,215.1,2013
12/7/2013,1421996.68,7432,191.33,2013
12/8/2013,856113.44,3987,214.73,2013
12/9/2013,6264437.3,35378,177.07,2013
12/10/2013,8338614.09,43205,193,2013
12/10/2013,28024.56,1,28024.56,2015
12/11/2013,10046868.43,45395,221.32,2013
12/12/2013,8281631.95,45783,180.89,2013
12/13/2013,7562202.28,33084,228.58,2013
12/14/2013,1203609.2,5695,211.34,2013
12/15/2013,653814,3039,215.14,2013
12/16/2013,5410030.38,33697,160.55,2013
12/17/2013,11545406.47,39981,288.77,2013
12/18/2013,7047905.45,37294,188.98,2013
12/19/2013,7526813.91,35406,212.59,2013
12/20/2013,5583955.79,22207,251.45,2013
12/21/2013,149812.44,1891,79.22,2013
12/22/2013,282532.36,1063,265.79,2013
12/23/2013,4165414.51,12193,341.62,2013
12/24/2013,1750445.33,4684,373.71,2013
12/25/2013,81738.33,485,168.53,2013
12/26/2013,2912791.72,4114,708.02,2013
12/27/2013,6501367.99,5666,1147.44,2013
12/28/2013,225385.9,790,285.3,2013
12/29/2013,880350.91,528,1667.33,2013
12/30/2013,3237661.8,7078,457.43,2013
12/30/2013,2410,1,2410,2015
12/31/2013,15547791.34,11782,1319.62,2013
1/1/2014,10188836.84,3647,2793.76,2014
1/2/2014,9377491.71,14908,629.02,2014
1/3/2014,12828297.58,13431,955.13,2014
1/4/2014,209771.52,1817,115.45,2014
1/5/2014,359125.29,1064,337.52,2014
1/6/2014,3427618.52,25205,135.99,2014
1/7/2014,4053133.11,34239,118.38,2014
1/8/2014,4878372.14,36691,132.96,2014
1/9/2014,6102312.36,40155,151.97,2014
1/9/2014,87.19,1,87.19,2015
1/10/2014,5673053.8,32877,172.55,2014
1/11/2014,649422.74,4132,157.17,2014
1/12/2014,407173.49,1683,241.93,2014
1/12/2014,400,1,400,2015
1/13/2014,3268772.86,33352,98.01,2014
1/14/2014,6352771.92,41253,154,2014
1/15/2014,6650296.93,39470,168.49,2014
1/16/2014,6384647.11,43609,146.41,2014
1/17/2014,5858054.25,32424,180.67,2014
1/18/2014,1596945.18,5815,274.63,2014
1/19/2014,569635.26,2651,214.88,2014
1/20/2014,2992351.61,23758,125.95,2014
1/21/2014,6404869.71,43701,146.56,2014
1/22/2014,6182753.18,42658,144.94,2014
1/23/2014,9369027.4,49698,188.52,2014
1/24/2014,7338466.54,35476,206.86,2014
1/25/2014,1995784.42,8229,242.53,2014
1/26/2014,719961.68,2790,258.05,2014
1/27/2014,5119442.42,38670,132.39,2014
1/28/2014,6580602.73,44869,146.66,2014
1/29/2014,14876628.35,42707,348.34,2014
1/30/2014,13160632.04,48069,273.79,2014
1/31/2014,8345336.38,35775,233.27,2014
2/1/2014,1472386.4,4616,318.97,2014
2/2/2014,380382.46,1618,235.09,2014
2/2/2014,3844.12,1,3844.12,2015
2/3/2014,4827129.65,33109,145.8,2014
2/4/2014,5360124.91,48725,110.01,2014
2/5/2014,15263522.63,39868,382.85,2014
2/6/2014,12774272.88,50328,253.82,2014
2/7/2014,8929457.07,39800,224.36,2014
2/8/2014,2027028.04,8621,235.13,2014
2/9/2014,638683.99,2573,248.23,2014
2/10/2014,8989615.18,41308,217.62,2014
2/11/2014,5964016.11,49817,119.72,2014
2/12/2014,9658068.75,46692,206.85,2014
2/13/2014,13699503.92,37429,366.01,2014
2/14/2014,27137902.61,31551,860.13,2014
2/15/2014,468378.63,3158,148.31,2014
2/16/2014,350689.24,1784,196.57,2014
2/17/2014,2924856.82,24153,121.1,2014
2/18/2014,8070534.85,49396,163.38,2014
2/19/2014,8213357.39,51753,158.7,2014
2/20/2014,10241166.29,53508,191.4,2014
2/21/2014,5090622.09,37451,135.93,2014
2/22/2014,1376485.64,6884,199.95,2014
2/23/2014,472346.43,2370,199.3,2014
2/24/2014,8292185.81,44155,187.8,2014
2/25/2014,7711088.17,56552,136.35,2014
2/26/2014,70499497.97,54898,1284.19,2014
2/27/2014,15599570.07,56597,275.63,2014
2/28/2014,7665498.44,40764,188.05,2014
3/1/2014,2472399.42,7184,344.15,2014
3/2/2014,600061.6,2898,207.06,2014
3/3/2014,5144327.49,34551,148.89,2014
3/4/2014,7181283.95,50572,142,2014
3/5/2014,8647716.51,52048,166.15,2014
3/6/2014,9209249.95,54268,169.7,2014
3/7/2014,11350995.17,39486,287.47,2014
3/8/2014,1348555.03,6717,200.77,2014
3/9/2014,363679.31,2203,165.08,2014
3/10/2014,9252267.49,41116,225.03,2014
3/11/2014,6347226.4,52566,120.75,2014
3/11/2014,31,1,31,2015
3/12/2014,6837258.59,51534,132.67,2014
3/13/2014,7690116.27,54848,140.21,2014
3/14/2014,4486509.29,35555,126.19,2014
3/15/2014,3879784.43,7385,525.36,2014
3/16/2014,510154.9,2826,180.52,2014
3/17/2014,4451387.12,39160,113.67,2014
3/18/2014,6826650.8,53107,128.55,2014
3/19/2014,12736793.13,51546,247.1,2014
3/20/2014,10962899.97,53460,205.07,2014
3/21/2014,5408928.05,37504,144.22,2014
3/22/2014,989321.46,5455,181.36,2014
3/23/2014,804584.45,3871,207.85,2014
3/24/2014,5315857.36,40779,130.36,2014
3/25/2014,9685356.62,53330,181.61,2014
3/26/2014,10692198.43,53431,200.11,2014
3/27/2014,24719908.11,54900,450.27,2014
3/27/2014,42.27,2,21.14,2015
3/28/2014,13966601.08,37992,367.62,2014
3/29/2014,1038438.98,7510,138.27,2014
3/30/2014,1891257.08,3785,499.67,2014
3/31/2014,9862364.76,37099,265.84,2014
4/1/2014,7300046.7,47647,153.21,2014
4/2/2014,8652055.5,46908,184.45,2014
4/3/2014,7965311.2,49707,160.25,2014
4/4/2014,14649475.7,35897,408.1,2014
4/5/2014,852924.91,5298,160.99,2014
4/6/2014,1476219.07,2949,500.58,2014
4/7/2014,6637560.98,40969,162.01,2014
4/8/2014,6428977.3,50005,128.57,2014
4/9/2014,9172512.66,51499,178.11,2014
4/10/2014,9393631.1,53037,177.11,2014
4/11/2014,8641059.71,41098,210.25,2014
4/11/2014,69.39,1,69.39,2015
4/12/2014,1434995.98,7413,193.58,2014
4/13/2014,581844.63,2475,235.09,2014
4/14/2014,4349584.48,40032,108.65,2014
4/15/2014,6659112.85,50858,130.94,2014
4/16/2014,7717545.63,50035,154.24,2014
4/17/2014,8863959.18,49960,177.42,2014
4/18/2014,6271415.07,23318,268.95,2014
4/19/2014,277205.52,2002,138.46,2014
4/20/2014,474012.25,988,479.77,2014
4/21/2014,4949962.66,36312,136.32,2014
4/22/2014,6589154.55,50871,129.53,2014
4/23/2014,7942051.58,50713,156.61,2014
4/24/2014,14308515.97,55404,258.26,2014
4/25/2014,8204630.5,40618,201.99,2014
4/26/2014,1421954.03,6756,210.47,2014
4/27/2014,717158.12,4114,174.32,2014
4/28/2014,5054876.76,41092,123.01,2014
4/29/2014,6362698.66,52490,121.22,2014
4/30/2014,12963092.61,51888,249.83,2014
5/1/2014,16122945.9,49408,326.32,2014
5/2/2014,9085690.42,36630,248.04,2014
5/3/2014,1400257.37,6955,201.33,2014
5/4/2014,643084.55,4135,155.52,2014
5/5/2014,6099548.01,40849,149.32,2014
5/6/2014,12603668.9,52996,237.82,2014
5/7/2014,8903814.35,52195,170.59,2014
5/8/2014,21602248.26,55731,387.62,2014
5/9/2014,5891580.73,37144,158.61,2014
5/10/2014,936694.69,5619,166.7,2014
5/11/2014,382148.56,1497,255.28,2014
5/12/2014,4631639.66,41488,111.64,2014
5/13/2014,8734353.01,54088,161.48,2014
5/14/2014,15418104.36,55292,278.85,2014
5/15/2014,26470241.25,56556,468.04,2014
5/16/2014,6285554.27,39288,159.99,2014
5/17/2014,2306234.21,8951,257.65,2014
5/18/2014,746391.43,3095,241.16,2014
5/19/2014,5726880.94,42699,134.12,2014
5/20/2014,7577159.56,55726,135.97,2014
5/21/2014,8223611.62,52276,157.31,2014
5/22/2014,8869129.51,51240,173.09,2014
5/23/2014,4650457.77,29343,158.49,2014
5/24/2014,221432.91,1983,111.67,2014
5/25/2014,307268.93,574,535.31,2014
5/26/2014,1048576.79,1768,593.09,2014
5/27/2014,5859644.22,43061,136.08,2014
5/28/2014,71724825.1,49753,1441.62,2014
5/29/2014,16620518.9,51612,322.03,2014
5/30/2014,19459120.46,36881,527.62,2014
5/31/2014,2958948.47,6846,432.22,2014
6/1/2014,2364386.54,3743,631.68,2014
6/2/2014,9338394.24,36177,258.13,2014
6/3/2014,7753387.55,46595,166.4,2014
6/4/2014,7695372.55,47480,162.08,2014
6/5/2014,10406185.46,49393,210.68,2014
6/6/2014,6473111.23,35310,183.32,2014
6/7/2014,1309036.02,6300,207.78,2014
6/8/2014,520278.18,2364,220.08,2014
6/9/2014,4739623.29,38402,123.42,2014
6/10/2014,5509714.22,49667,110.93,2014
6/11/2014,7233453.94,49082,147.37,2014
6/12/2014,8530204.02,50315,169.54,2014
6/13/2014,5746079.06,34166,168.18,2014
6/14/2014,841341.77,4557,184.63,2014
6/15/2014,626549.15,2042,306.83,2014
6/16/2014,6851603.14,38641,177.31,2014
6/17/2014,5992375.45,49490,121.08,2014
6/18/2014,7072688.4,48856,144.77,2014
6/19/2014,7496074.2,51334,146.03,2014
6/20/2014,5624265.28,37783,148.86,2014
6/21/2014,937783.12,5493,170.72,2014
6/22/2014,657597.94,2455,267.86,2014
6/23/2014,4477295.15,37015,120.96,2014
6/24/2014,8760778.37,47103,185.99,2014
6/25/2014,7966036.35,46317,171.99,2014
6/26/2014,8371298.89,50205,166.74,2014
6/27/2014,7852340.48,35006,224.31,2014
6/28/2014,2219500.33,5245,423.16,2014
6/29/2014,402329.14,1504,267.51,2014
6/30/2014,9693062.93,36255,267.36,2014
7/1/2014,7775417.45,41899,185.58,2014
7/2/2014,4967817.22,34560,143.74,2014
7/3/2014,12463796.48,20656,603.4,2014
7/4/2014,413257.63,2760,149.73,2014
7/5/2014,97371.49,480,202.86,2014
7/6/2014,148554.71,874,169.97,2014
7/7/2014,4864679.58,30831,157.79,2014
7/8/2014,6635478.03,43010,154.28,2014
7/8/2014,1915.44,19,100.81,2015
7/9/2014,5849670.87,43914,133.21,2014
7/10/2014,8926497.76,47153,189.31,2014
7/11/2014,5736454.47,31627,181.38,2014
7/12/2014,762975.03,4067,187.6,2014
7/13/2014,439884.81,2125,207,2014
7/13/2014,4016,1,4016,2015
7/14/2014,4038888.7,36239,111.45,2014
7/15/2014,7117693.65,47183,150.85,2014
7/16/2014,6592079.08,46372,142.16,2014
7/17/2014,7411508.35,47316,156.64,2014
7/18/2014,7229013.38,31880,226.76,2014
7/19/2014,836264.02,4282,195.3,2014
7/20/2014,457570.81,1549,295.4,2014
7/21/2014,4554992.99,36432,125.03,2014
7/22/2014,6773077.09,47144,143.67,2014
7/23/2014,9947268.28,45926,216.59,2014
7/24/2014,7900270.08,47177,167.46,2014
7/25/2014,6523528.62,33278,196.03,2014
7/26/2014,727359.8,4331,167.94,2014
7/27/2014,339072.03,1862,182.1,2014
7/28/2014,6146145.79,34743,176.9,2014
7/29/2014,8089746.94,47300,171.03,2014
7/30/2014,9353419.46,45284,206.55,2014
7/31/2014,11226145.75,45936,244.39,2014
8/1/2014,8219066.19,28222,291.23,2014
8/2/2014,580912.91,3391,171.31,2014
8/3/2014,419053.72,1783,235.03,2014
8/4/2014,4099881.14,33942,120.79,2014
8/5/2014,7315421.47,44437,164.62,2014
8/6/2014,5943052.35,44178,134.53,2014
8/6/2014,104.73,2,52.36,2015
8/7/2014,6667804.51,44296,150.53,2014
8/7/2014,38,1,38,2015
8/8/2014,5530424.21,30561,180.96,2014
8/9/2014,781528.46,4380,178.43,2014
8/9/2014,303.65,5,60.73,2015
8/10/2014,378928.31,1860,203.72,2014
8/11/2014,7905279.61,36213,218.3,2014
8/12/2014,6120849.43,47312,129.37,2014
8/12/2014,368.42,1,368.42,2015
8/13/2014,11256981.51,47146,238.77,2014
8/14/2014,21663267.76,47327,457.74,2014
8/15/2014,23832566.27,37275,639.37,2014
8/16/2014,977863.78,5192,188.34,2014
8/17/2014,423475.35,1952,216.94,2014
8/18/2014,5800277.8,36272,159.91,2014
8/19/2014,11297641.89,46583,242.53,2014
8/20/2014,6415102.14,45908,139.74,2014
8/20/2014,120.26,3,40.09,2015
8/21/2014,7460067.99,48310,154.42,2014
8/21/2014,50,1,50,2015
8/22/2014,5209711.6,35596,146.36,2014
8/23/2014,866236.77,5008,172.97,2014
8/24/2014,473905.24,2274,208.4,2014
8/25/2014,3982777.46,39037,102.03,2014
8/25/2014,460.07,3,153.36,2015
8/26/2014,63946900.93,49303,1297.02,2014
8/26/2014,64.74,3,21.58,2015
8/27/2014,53960588.2,49786,1083.85,2014
8/27/2014,82.77,1,82.77,2015
8/28/2014,12171588.41,47864,254.3,2014
8/28/2014,220.59,2,110.3,2015
8/29/2014,6311213.61,27269,231.44,2014
8/30/2014,582404.93,2112,275.76,2014
8/31/2014,940945.59,1192,789.38,2014
9/1/2014,1557303.88,2029,767.52,2014
9/2/2014,4868616.3,34871,139.62,2014
9/3/2014,6188944.38,44620,138.7,2014
9/3/2014,89.07,2,44.54,2015
9/4/2014,5705617.43,48270,118.2,2014
9/4/2014,100.19,2,50.1,2015
9/5/2014,7504772.95,37077,202.41,2014
9/5/2014,130.78,2,65.39,2015
9/6/2014,1575210.74,8023,196.34,2014
9/6/2014,136.32,1,136.32,2015
9/7/2014,559488.45,2978,187.87,2014
9/8/2014,3506740.99,39632,88.48,2014
9/9/2014,5995820.17,52637,113.91,2014
9/9/2014,41.8,2,20.9,2015
9/10/2014,10172381.24,50932,199.72,2014
9/11/2014,6443994.15,51761,124.5,2014
9/11/2014,151.5,2,75.75,2015
9/12/2014,5275060.81,37437,140.91,2014
9/13/2014,1175600.21,7478,157.21,2014
9/13/2014,118.1,1,118.1,2015
9/14/2014,1032924.96,4081,253.11,2014
9/15/2014,5577168.92,40820,136.63,2014
9/16/2014,8930425.69,52867,168.92,2014
9/16/2014,399.3,3,133.1,2015
9/17/2014,8728397.38,50995,171.16,2014
9/17/2014,29.7,1,29.7,2015
9/18/2014,8573983.26,52669,162.79,2014
9/19/2014,6043768.2,39099,154.58,2014
9/20/2014,2343973.35,9734,240.8,2014
9/21/2014,722938.48,3538,204.34,2014
9/22/2014,5255488.22,41794,125.75,2014
9/22/2014,26.54,2,13.27,2015
9/23/2014,6834494.32,54733,124.87,2014
9/23/2014,57.95,2,28.98,2015
9/24/2014,15797590.12,50859,310.62,2014
9/24/2014,26,1,26,2015
9/25/2014,8560972.74,49165,174.13,2014
9/25/2014,128.34,1,128.34,2015
9/26/2014,8784165.46,36069,243.54,2014
9/26/2014,142.07,1,142.07,2015
9/27/2014,1447594.53,5417,267.23,2014
9/27/2014,48.89,2,24.44,2015
9/28/2014,759292.32,2735,277.62,2014
9/29/2014,7098723.55,38558,184.11,2014
9/30/2014,11589982.6,49158,235.77,2014
10/1/2014,9479664.9,45950,206.3,2014
10/2/2014,8743027.08,46474,188.13,2014
10/2/2014,5.77,1,5.77,2015
10/3/2014,13878856.93,32043,433.13,2014
10/4/2014,839005.44,4176,200.91,2014
10/5/2014,582864.64,2477,235.31,2014
10/6/2014,6134854.94,38067,161.16,2014
10/7/2014,6421724.42,48829,131.51,2014
10/7/2014,276.2,4,69.05,2015
10/8/2014,7399070.95,48984,151.05,2014
10/8/2014,50.94,3,16.98,2015
10/9/2014,7725506.43,49788,155.17,2014
10/9/2014,30.87,1,30.87,2015
10/10/2014,7133171.04,36446,195.72,2014
10/11/2014,2328171.76,7848,296.66,2014
10/12/2014,943257.42,3489,270.35,2014
10/13/2014,3561197.14,34447,103.38,2014
10/14/2014,6844385,50494,135.55,2014
10/14/2014,171.74,8,21.47,2015
10/15/2014,8377241.38,50442,166.08,2014
10/15/2014,87.43,1,87.43,2015
10/16/2014,10725593.36,52378,204.77,2014
10/17/2014,6915897.26,38899,177.79,2014
10/17/2014,32.05,1,32.05,2015
10/18/2014,1582058.8,7009,225.72,2014
10/19/2014,851432.41,4045,210.49,2014
10/20/2014,6845509.15,40876,167.47,2014
10/20/2014,292.41,3,97.47,2015
10/21/2014,6106435.66,52878,115.48,2014
10/21/2014,97.63,5,19.53,2015
10/22/2014,9838229.47,52387,187.8,2014
10/22/2014,28.02,2,14.01,2015
10/23/2014,9271321.76,54575,169.88,2014
10/24/2014,7662490.18,37786,202.79,2014
10/24/2014,98.54,2,49.27,2015
10/25/2014,1769384.49,6753,262.01,2014
10/26/2014,1066321.89,2800,380.83,2014
10/27/2014,4829475.97,41058,117.63,2014
10/27/2014,27.26,1,27.26,2015
10/28/2014,9218341.33,54948,167.76,2014
10/28/2014,73.21,2,36.61,2015
10/29/2014,9036044.55,53233,169.75,2014
10/29/2014,5.77,1,5.77,2015
10/30/2014,10650383.32,51969,204.94,2014
10/30/2014,1274.84,8,159.36,2015
10/31/2014,7740740.03,32466,238.43,2014
10/31/2014,77.22,2,38.61,2015
11/1/2014,1089875.88,4210,258.88,2014
11/2/2014,758538.6,2381,318.58,2014
11/2/2014,15.5,1,15.5,2015
11/3/2014,7628075.96,39277,194.21,2014
11/3/2014,29.28,1,29.28,2015
11/4/2014,9691479.83,50564,191.67,2014
11/4/2014,172.2,3,57.4,2015
11/5/2014,10445361.55,52454,199.13,2014
11/5/2014,102,3,34,2015
11/6/2014,12753764.64,54833,232.59,2014
11/6/2014,37.5,1,37.5,2015
11/7/2014,8243605.43,38577,213.69,2014
11/7/2014,53.56,2,26.78,2015
11/8/2014,2110193,8306,254.06,2014
11/9/2014,693510.13,3006,230.71,2014
11/10/2014,5895243.04,41544,141.9,2014
11/10/2014,13.53,2,6.76,2015
11/11/2014,7731256.82,52125,148.32,2014
11/11/2014,692.11,7,98.87,2015
11/12/2014,16677694.42,54152,307.98,2014
11/12/2014,50.14,2,25.07,2015
11/13/2014,16002439.22,57829,276.72,2014
11/13/2014,317.53,5,63.51,2015
11/14/2014,23374190.52,44817,521.55,2014
11/14/2014,32.4,1,32.4,2015
11/15/2014,1529492.79,6626,230.83,2014
11/15/2014,36.76,1,36.76,2015
11/16/2014,817609.58,3844,212.7,2014
11/17/2014,10999139.39,43768,251.31,2014
11/17/2014,63.88,3,21.29,2015
11/18/2014,7850040.69,56563,138.78,2014
11/18/2014,594.29,4,148.57,2015
11/19/2014,11062287.08,56165,196.96,2014
11/19/2014,97.47,3,32.49,2015
11/20/2014,9052574.94,58488,154.78,2014
11/20/2014,144.28,5,28.86,2015
11/21/2014,6721445.96,39119,171.82,2014
11/21/2014,17.72,1,17.72,2015
11/22/2014,837264.1,6182,135.44,2014
11/22/2014,370.8,5,74.16,2015
11/23/2014,977346.36,2384,409.96,2014
11/24/2014,70857206.33,37176,1905.99,2014
11/24/2014,77.09,4,19.27,2015
11/25/2014,14781515.48,39358,375.57,2014
11/25/2014,41.31,2,20.66,2015
11/26/2014,5433972.65,20179,269.29,2014
11/26/2014,169.07,6,28.18,2015
11/27/2014,1797804.26,1792,1003.24,2014
11/28/2014,1060048.63,1450,731.07,2014
11/28/2014,88.64,1,88.64,2015
11/29/2014,188304,673,279.8,2014
11/30/2014,19298503.92,2361,8173.87,2014
12/1/2014,6302222.03,35395,178.05,2014
12/1/2014,160.63,2,80.32,2015
12/2/2014,5451244.62,48737,111.85,2014
12/2/2014,670.63,9,74.51,2015
12/3/2014,9012371.23,49834,180.85,2014
12/3/2014,272.45,4,68.11,2015
12/4/2014,13736551.45,53787,255.39,2014
12/4/2014,1580.4,9,175.6,2015
12/5/2014,7539800.4,38576,195.45,2014
12/5/2014,348,7,49.71,2015
12/6/2014,1807592.9,8128,222.39,2014
12/7/2014,1320135.31,4507,292.91,2014
12/8/2014,5986535.19,41297,144.96,2014
12/8/2014,709.79,6,118.3,2015
12/9/2014,10419490.06,51472,202.43,2014
12/9/2014,231.25,5,46.25,2015
12/10/2014,8111627.65,52385,154.85,2014
12/10/2014,906.65,21,43.17,2015
12/11/2014,11053852.14,52237,211.61,2014
12/11/2014,227.35,8,28.42,2015
12/12/2014,8328401,38118,218.49,2014
12/12/2014,1949.15,6,324.86,2015
12/13/2014,1765674.89,6291,280.67,2014
12/13/2014,6764.91,6,1127.49,2015
12/14/2014,711799.31,3141,226.62,2014
12/14/2014,56.9,1,56.9,2015
12/15/2014,7431362.22,39767,186.87,2014
12/15/2014,303.86,11,27.62,2015
12/16/2014,6603351.24,47060,140.32,2014
12/16/2014,241.09,7,34.44,2015
12/17/2014,8501786.44,44367,191.62,2014
12/17/2014,6039.91,4,1509.98,2015
12/18/2014,6913898.81,41860,165.17,2014
12/18/2014,7732.02,12,644.33,2015
12/19/2014,35003594.35,28748,1217.6,2014
12/19/2014,885.98,4,221.5,2015
12/20/2014,389883.57,2414,161.51,2014
12/21/2014,982533.75,1202,817.42,2014
12/21/2014,300,1,300,2015
12/22/2014,100658985.4,20476,4915.95,2014
12/22/2014,610.2,4,152.55,2015
12/23/2014,5735709.75,19025,301.48,2014
12/23/2014,3063.37,7,437.62,2015
12/24/2014,1322790.88,3635,363.9,2014
12/24/2014,734.58,7,104.94,2015
12/25/2014,271836.41,595,456.87,2014
12/26/2014,829607.84,1333,622.36,2014
12/26/2014,12.1,1,12.1,2015
12/27/2014,115081.39,657,175.16,2014
12/28/2014,463847.19,625,742.16,2014
12/29/2014,3471837.15,6620,524.45,2014
12/29/2014,13799.05,11,1254.46,2015
12/30/2014,3313209.53,8159,406.08,2014
12/30/2014,298.58,7,42.65,2015
12/31/2014,29407768.37,10249,2869.33,2014
12/31/2014,4586.5,1,4586.5,2015
1/1/2015,8400122.97,2892,2904.61,2015
1/2/2015,9537138.09,4236,2251.45,2015
1/3/2015,166905.17,795,209.94,2015
1/4/2015,811859.9,1351,600.93,2015
1/5/2015,4121284.36,26241,157.06,2015
1/6/2015,3908249.01,35411,110.37,2015
1/7/2015,5346340.62,36756,145.45,2015
1/8/2015,6204594.33,39240,158.12,2015
1/9/2015,7387652.56,32849,224.9,2015
1/10/2015,1500047.11,6596,227.42,2015
1/11/2015,1502567.27,2463,610.06,2015
1/12/2015,4634753.38,35251,131.48,2015
1/13/2015,4550081.69,43564,104.45,2015
1/14/2015,9458916.9,44003,214.96,2015
1/15/2015,17182487.53,45467,377.91,2015
1/16/2015,5755046.1,33966,169.44,2015
1/17/2015,1376010.38,5742,239.64,2015
1/18/2015,1004999.15,2115,475.18,2015
1/19/2015,2363356.58,21475,110.05,2015
1/20/2015,4744951.9,44965,105.53,2015
1/21/2015,7492180.25,47773,156.83,2015
1/22/2015,8691041.09,48634,178.7,2015
1/23/2015,6351894.04,36628,173.42,2015
1/24/2015,953301.5,6064,157.21,2015
1/25/2015,721772.54,2822,255.77,2015
1/26/2015,7923838.7,36429,217.51,2015
1/27/2015,4569445.01,41125,111.11,2015
1/28/2015,38906582.5,45646,852.35,2015
1/29/2015,11357782.67,50156,226.45,2015
1/30/2015,7657875.8,36979,207.09,2015
1/31/2015,2602952.75,6557,396.97,2015
2/1/2015,2141402.24,2539,843.4,2015
2/2/2015,7061638.69,30662,230.31,2015
2/3/2015,7570029.09,48894,154.83,2015
2/4/2015,8059521.84,47919,168.19,2015
2/5/2015,9792737.36,48891,200.3,2015
2/6/2015,6222523.06,39259,158.5,2015
2/7/2015,2396462.02,9046,264.92,2015
2/8/2015,497957.96,2740,181.74,2015
2/9/2015,7197260.85,41142,174.94,2015
2/10/2015,4939246.69,53127,92.97,2015
2/11/2015,20345954.07,54429,373.81,2015
2/12/2015,18241209.89,53529,340.77,2015
2/13/2015,37011297.38,37799,979.16,2015
2/14/2015,959082.1,3464,276.87,2015
2/15/2015,2409415.53,2193,1098.68,2015
2/16/2015,4162575.79,23884,174.28,2015
2/17/2015,10696572.86,43961,243.32,2015
2/18/2015,9075449.28,51977,174.61,2015
2/19/2015,10505160.76,56725,185.19,2015
2/20/2015,6350313.72,42117,150.78,2015
2/21/2015,1996373.11,9129,218.68,2015
2/22/2015,748014.99,3427,218.27,2015
2/23/2015,5635132.1,43017,131,2015
2/24/2015,6085594.45,53233,114.32,2015
2/25/2015,73678604.24,53828,1368.78,2015
2/26/2015,14884911.97,54479,273.22,2015
2/27/2015,7613361.18,41452,183.67,2015
2/28/2015,2531960.9,9185,275.66,2015
3/1/2015,2412008.16,4105,587.58,2015
3/2/2015,4778260.37,39100,122.21,2015
3/3/2015,6969721.96,50797,137.21,2015
3/4/2015,8353183.34,51193,163.17,2015
3/5/2015,7672806.09,41925,183.01,2015
3/6/2015,5740789.49,38725,148.25,2015
3/7/2015,1974557.39,7559,261.22,2015
3/8/2015,673342.16,3076,218.9,2015
3/9/2015,13748955.38,41952,327.73,2015
3/10/2015,9146900.04,54330,168.36,2015
3/11/2015,7580059.81,53528,141.61,2015
3/12/2015,7171638.46,53885,133.09,2015
3/13/2015,6246616.89,38287,163.15,2015
3/14/2015,1699050.82,7374,230.41,2015
3/15/2015,1151153.64,3787,303.98,2015
3/16/2015,6239316.49,40959,152.33,2015
3/17/2015,6621775.11,52410,126.35,2015
3/18/2015,10832575.83,57151,189.54,2015
3/19/2015,7754783.4,53932,143.79,2015
3/20/2015,5707111.77,37905,150.56,2015
3/21/2015,1429317.93,8796,162.5,2015
3/22/2015,736313.8,3218,228.81,2015
3/23/2015,5758879.33,41331,139.34,2015
3/24/2015,7018930.3,55763,125.87,2015
3/25/2015,9446365.77,56792,166.33,2015
3/26/2015,17863850.14,56826,314.36,2015
3/27/2015,7648661.79,39792,192.22,2015
3/28/2015,1222080.36,7348,166.31,2015
3/29/2015,626902.93,2810,223.1,2015
3/30/2015,14871238.79,39591,375.62,2015
3/31/2015,14069612.3,54383,258.71,2015
4/1/2015,43910364.58,49963,878.86,2015
4/2/2015,7916366.29,46317,170.92,2015
4/3/2015,12794577.59,23891,535.54,2015
4/4/2015,235723.54,2394,98.46,2015
4/5/2015,350209.7,1348,259.8,2015
4/6/2015,5201708.8,33562,154.99,2015
4/7/2015,11914970.46,47212,252.37,2015
4/8/2015,7651326.46,48425,158,2015
4/9/2015,8621351.68,48871,176.41,2015
4/10/2015,8515665.19,35552,239.53,2015
4/11/2015,1268169.17,6672,190.07,2015
4/12/2015,674961.58,2566,263.04,2015
4/13/2015,5209943.64,41680,125,2015
4/14/2015,7073085.05,53238,132.86,2015
4/15/2015,9240239.97,53087,174.06,2015
4/16/2015,8377814.83,55977,149.67,2015
4/17/2015,7439022.99,42166,176.42,2015
4/18/2015,1883783.12,9038,208.43,2015
4/19/2015,762379.59,3685,206.89,2015
4/20/2015,6870990.83,40427,169.96,2015
4/21/2015,6814268.79,54856,124.22,2015
4/22/2015,8267177.37,52011,158.95,2015
4/23/2015,9351815.23,56412,165.78,2015
4/24/2015,7305296.48,40444,180.63,2015
4/25/2015,1713787.55,7855,218.18,2015
4/26/2015,657545.57,3431,191.65,2015
4/27/2015,7111220.03,41020,173.36,2015
4/28/2015,9570479.86,55357,172.89,2015
4/29/2015,8678746.93,54064,160.53,2015
4/30/2015,14766697.9,54585,270.53,2015
5/1/2015,7936170.68,36973,214.65,2015
5/2/2015,3176103.47,7287,435.86,2015
5/3/2015,1024217.3,3368,304.1,2015
5/4/2015,6009373.45,39984,150.29,2015
5/5/2015,9081848.87,52818,171.95,2015
5/6/2015,8289473.03,51578,160.72,2015
5/7/2015,12904297.04,53711,240.25,2015
5/8/2015,6940129.46,37060,187.27,2015
5/9/2015,766005.69,4696,163.12,2015
5/10/2015,405277.41,1674,242.1,2015
5/11/2015,10209170.41,41373,246.76,2015
5/12/2015,11256569.24,54741,205.63,2015
5/13/2015,13639104.1,55003,247.97,2015
5/14/2015,16953993.69,56006,302.72,2015
5/15/2015,24490571.07,42742,572.99,2015
5/16/2015,1695860.47,8040,210.93,2015
5/17/2015,761936.9,4006,190.2,2015
5/18/2015,7074185.34,41771,169.36,2015
5/19/2015,8625151.72,53984,159.77,2015
5/20/2015,81852342.69,52964,1545.43,2015
5/21/2015,12747089.82,52132,244.52,2015
5/22/2015,5123818.47,29358,174.53,2015
5/23/2015,308376.37,2501,123.3,2015
5/24/2015,279601.44,612,456.87,2015
5/25/2015,557914.08,1635,341.23,2015
5/26/2015,6324610.47,41832,151.19,2015
5/27/2015,12121683.33,51088,237.27,2015
5/28/2015,12855492.78,53764,239.11,2015
5/29/2015,6366613.04,37362,170.4,2015
5/30/2015,2291739.61,7114,322.15,2015
5/31/2015,1296241.16,3423,378.69,2015
6/1/2015,5876539.71,36529,160.87,2015
6/2/2015,10021206.66,48618,206.12,2015
6/3/2015,10266505.29,48118,213.36,2015
6/4/2015,7451059.26,48691,153.03,2015
6/5/2015,7881261.18,36196,217.74,2015
6/6/2015,2206732.17,8247,267.58,2015
6/7/2015,495599.97,2682,184.79,2015
6/8/2015,4916062.42,36955,133.03,2015
6/9/2015,6618912.76,49564,133.54,2015
6/10/2015,7497006.74,48516,154.53,2015
6/11/2015,8060841.13,49709,162.16,2015
6/12/2015,7763793.99,35420,219.19,2015
6/13/2015,1666748.09,7323,227.6,2015
6/14/2015,540052.74,2508,215.33,2015
6/15/2015,5818693.06,38725,150.26,2015
6/16/2015,7770132.76,49339,157.48,2015
6/17/2015,6940569.6,49374,140.57,2015
6/18/2015,30694767.1,50267,610.63,2015
6/19/2015,4226140.56,33832,124.92,2015
6/20/2015,916695.87,6043,151.7,2015
6/21/2015,379130.62,1917,197.77,2015
6/22/2015,6921174.62,36402,190.13,2015
6/23/2015,6869219.64,50376,136.36,2015
6/24/2015,7567522.42,49425,153.11,2015
6/25/2015,7585820.03,49558,153.07,2015
6/26/2015,6642183.14,34220,194.1,2015
6/27/2015,1142969.45,6231,183.43,2015
6/28/2015,787462.55,2257,348.9,2015
6/29/2015,4149665.53,35325,117.47,2015
6/30/2015,12355231.84,46408,266.23,2015
7/1/2015,9312490.2,39441,236.11,2015
7/2/2015,4826081.66,28862,167.21,2015
7/3/2015,944197.55,5357,176.25,2015
7/4/2015,201937.09,614,328.89,2015
7/5/2015,8918953.91,1019,8752.65,2015
7/6/2015,3627880.97,27718,130.89,2015
7/7/2015,4715532.32,41660,113.19,2015
7/8/2015,6666533.65,43335,153.84,2015
7/9/2015,6222046.25,43676,142.46,2015
7/10/2015,5552606.89,29445,188.58,2015
7/11/2015,712866.23,4075,174.94,2015
7/12/2015,259557.45,1874,138.5,2015
7/13/2015,4956839.69,36092,137.34,2015
7/14/2015,5359680.43,46500,115.26,2015
7/15/2015,8170878.6,46729,174.86,2015
7/16/2015,8791442.48,47318,185.79,2015
7/17/2015,6600096.04,31530,209.33,2015
7/18/2015,1039155.02,5682,182.89,2015
7/19/2015,479935.31,1839,260.98,2015
7/20/2015,7859626.96,35695,220.19,2015
7/21/2015,7035483.22,48535,144.96,2015
7/22/2015,7836774.08,46410,168.86,2015
7/23/2015,7156104.42,46830,152.81,2015
7/24/2015,5186329.45,30541,169.82,2015
7/25/2015,789358.12,4624,170.71,2015
7/26/2015,343620.72,2392,143.65,2015
7/27/2015,7162487.78,36356,197.01,2015
7/28/2015,5826730.61,46819,124.45,2015
7/29/2015,7881731.37,46201,170.6,2015
7/30/2015,11482004.34,46484,247.01,2015
7/31/2015,5740446.8,30449,188.53,2015
8/1/2015,1946080.89,5322,365.67,2015
8/2/2015,686599.74,2034,337.56,2015
8/3/2015,7596117.04,34392,220.87,2015
8/4/2015,5356886.45,46227,115.88,2015
8/5/2015,6045653.09,45174,133.83,2015
8/6/2015,9304878.26,47704,195.05,2015
8/7/2015,6687724.2,31042,215.44,2015
8/8/2015,924067.21,4792,192.84,2015
8/9/2015,5023113.63,1677,2995.3,2015
8/10/2015,6858906.79,35669,192.29,2015
8/11/2015,10443184.86,48203,216.65,2015
8/12/2015,7576825.74,47855,158.33,2015
8/13/2015,12111947.22,48354,250.48,2015
8/14/2015,26423888.68,33529,788.09,2015
8/15/2015,1592824.62,6496,245.2,2015
8/16/2015,344056.89,2083,165.17,2015
8/17/2015,4818712.49,38084,126.53,2015
8/18/2015,7045342.83,49795,141.49,2015
8/19/2015,6426537.72,49720,129.25,2015
8/20/2015,9519001.68,50793,187.41,2015
8/21/2015,5242766.92,34041,154.01,2015
8/22/2015,920296.1,5619,163.78,2015
8/23/2015,355180.22,1989,178.57,2015
8/24/2015,4250716.18,37861,112.27,2015
8/25/2015,78585474.13,50220,1564.82,2015
8/26/2015,20240214.83,51127,395.88,2015
8/27/2015,15852770.26,51326,308.86,2015
8/28/2015,6891588.83,35047,196.64,2015
8/29/2015,963117.82,5714,168.55,2015
8/30/2015,1278465.25,2225,574.59,2015
8/31/2015,24970093.33,35971,694.17,2015
9/1/2015,7183909.41,45928,156.42,2015
9/2/2015,6936665.36,46774,148.3,2015
9/3/2015,9142726.57,44626,204.87,2015
9/4/2015,3931395.06,27298,144.02,2015
9/5/2015,286035.19,2220,128.84,2015
9/6/2015,261014.7,848,307.8,2015
9/7/2015,6556088.77,2116,3098.34,2015
9/8/2015,4050352.66,41880,96.71,2015
9/9/2015,9284371.6,49792,186.46,2015
9/10/2015,6707291.19,56018,119.73,2015
9/11/2015,5677593.73,37842,150.03,2015
9/12/2015,1534303.91,7953,192.92,2015
9/13/2015,789141.43,3110,253.74,2015
9/14/2015,4768073.3,38280,124.56,2015
9/15/2015,6901450.93,55036,125.4,2015
9/16/2015,6793013.75,53450,127.09,2015
9/17/2015,7219074.68,54840,131.64,2015
9/18/2015,5767200.94,38321,150.5,2015
9/19/2015,1655200.25,7715,214.54,2015
9/20/2015,569343.02,3427,166.13,2015
9/21/2015,7603629.28,41705,182.32,2015
9/22/2015,6341838.78,51885,122.23,2015
9/23/2015,6908438.95,46863,147.42,2015
9/24/2015,38410185.06,55557,691.37,2015
9/25/2015,7270945.84,39655,183.36,2015
9/26/2015,2146823.3,9529,225.29,2015
9/27/2015,760340.15,3474,218.87,2015
9/28/2015,5584976.15,38820,143.87,2015
9/29/2015,8620374.96,50980,169.09,2015
9/30/2015,20206680.13,52667,383.67,2015
10/1/2015,10606455.87,48540,218.51,2015
10/2/2015,11164034.98,34784,320.95,2015
10/3/2015,10176500.43,7704,1320.94,2015
10/4/2015,475762.53,2950,161.28,2015
10/5/2015,4231194.21,37261,113.56,2015
10/6/2015,10561904.06,48733,216.73,2015
10/7/2015,7014616.94,48978,143.22,2015
10/8/2015,7897736.52,52933,149.2,2015
10/9/2015,8738963.7,37211,234.85,2015
10/10/2015,1948314.47,7042,276.67,2015
10/11/2015,625386.88,2800,223.35,2015
10/12/2015,4952475.68,35210,140.66,2015
10/13/2015,7439686.63,51073,145.67,2015
10/14/2015,8242399.61,52705,156.39,2015
10/15/2015,11490629.89,56800,202.3,2015
10/16/2015,5679448.59,38241,148.52,2015
10/17/2015,1808054.1,7905,228.72,2015
10/18/2015,690495.77,3642,189.59,2015
10/19/2015,4691258.83,40759,115.1,2015
10/20/2015,7594875.15,52917,143.52,2015
10/21/2015,8309717.6,52920,157.02,2015
10/22/2015,9664083.26,53670,180.06,2015
10/23/2015,6284250.02,37927,165.69,2015
10/24/2015,2104453.02,8644,243.46,2015
10/25/2015,820885.91,4213,194.85,2015
10/26/2015,6774995.2,42041,161.15,2015
10/27/2015,7973276.84,56023,142.32,2015
10/28/2015,9147096.85,54369,168.24,2015
10/29/2015,10902959.53,55502,196.44,2015
10/30/2015,9414156.41,34715,271.18,2015
10/31/2015,1796139.46,4239,423.72,2015
11/1/2015,1920957.31,3746,512.8,2015
11/2/2015,6154270.63,37879,162.47,2015
11/3/2015,7579537.72,50010,151.56,2015
11/4/2015,9588076.58,52238,183.55,2015
11/5/2015,14134765.91,53819,262.64,2015
11/6/2015,8787966.54,40954,214.58,2015
11/7/2015,2203172.45,8617,255.68,2015
11/8/2015,747472.68,3827,195.32,2015
11/9/2015,7456038.07,42520,175.35,2015
11/10/2015,7292780.53,56767,128.47,2015
11/11/2015,8651684.53,51919,166.64,2015
11/12/2015,97835984.28,57905,1689.59,2015
11/13/2015,34957965.86,43565,802.43,2015
11/14/2015,1719666.85,9683,177.6,2015
11/15/2015,1628379.85,4518,360.42,2015
11/16/2015,11458275.49,43141,265.6,2015
11/17/2015,8430866.92,56495,149.23,2015
11/18/2015,11939521.54,58249,204.97,2015
11/19/2015,11550947.2,59312,194.75,2015
11/20/2015,11080805.62,39701,279.11,2015
11/21/2015,1502680.42,6894,217.97,2015
11/22/2015,549214.75,2459,223.35,2015
11/23/2015,5227503.82,37430,139.66,2015
11/24/2015,8742002.71,40217,217.37,2015
11/25/2015,8354763.94,20917,399.42,2015
11/26/2015,1936084.91,2007,964.67,2015
11/27/2015,547917.74,1087,504.06,2015
11/28/2015,224740.86,870,258.32,2015
11/29/2015,1382792.85,2159,640.48,2015
11/30/2015,9757116.22,36200,269.53,2015
12/1/2015,8000066.61,50134,159.57,2015
12/2/2015,6915861.96,55592,124.4,2015
12/3/2015,9196397.79,52932,173.74,2015
12/4/2015,8982572.6,40406,222.31,2015
12/5/2015,1971932.68,8287,237.95,2015
12/6/2015,777599.48,3180,244.53,2015
12/7/2015,6106047.42,41247,148.04,2015
12/8/2015,7444605.65,52917,140.68,2015
12/9/2015,13469063.75,52633,255.91,2015
12/10/2015,10426558.47,53404,195.24,2015
12/11/2015,8122732.51,40364,201.24,2015
12/12/2015,1600560.62,8249,194.03,2015
12/13/2015,636448.88,3022,210.61,2015
12/14/2015,5334690.94,39723,134.3,2015
12/15/2015,7553713.08,49039,154.03,2015
12/16/2015,8132358.49,46520,174.81,2015
12/17/2015,7617021.73,43339,175.75,2015
12/18/2015,5148081.71,28947,177.85,2015
12/19/2015,689968.8,3187,216.49,2015
12/20/2015,402927.68,1277,315.53,2015
12/21/2015,5360844.18,24374,219.94,2015
12/22/2015,5408633.37,25008,216.28,2015
12/23/2015,5046194.78,19786,255.04,2015
12/24/2015,1513400.4,2683,564.07,2015
12/25/2015,273036.5,266,1026.45,2015
12/26/2015,133193.1,273,487.89,2015
12/27/2015,108125.62,370,292.23,2015
12/28/2015,1832859.83,6213,295,2015
12/29/2015,5240636.5,10005,523.8,2015
12/30/2015,3300027.42,7221,457,2015
12/31/2015,27509034.84,10205,2695.64,2015
1/1/2016,13377280.98,1958,6832.11,2016
1/2/2016,130626.52,368,354.96,2016
1/3/2016,184580.35,855,215.88,2016
1/4/2016,21809734.43,26909,810.5,2016
1/5/2016,4739983.99,37205,127.4,2016
1/6/2016,5539672.21,38063,145.54,2016
1/7/2016,7704324.89,42524,181.18,2016
1/8/2016,4389980.23,31503,139.35,2016
1/9/2016,1915100.03,10167,188.36,2016
1/10/2016,443776.49,1597,277.88,2016
1/11/2016,19829908.49,35833,553.4,2016
1/12/2016,4521831.59,45222,99.99,2016
1/13/2016,7116737.76,44170,161.12,2016
1/14/2016,8420435.02,47369,177.76,2016
1/15/2016,7106300.51,32998,215.36,2016
1/16/2016,1452328.27,5687,255.38,2016
1/17/2016,397667.88,2641,150.57,2016
1/18/2016,3025573.99,22814,132.62,2016
1/19/2016,5190931.9,49082,105.76,2016
1/20/2016,7286826.26,51623,141.15,2016
1/21/2016,10219534.91,52919,193.12,2016
1/22/2016,6867518.91,33469,205.19,2016
1/23/2016,1114181.68,6127,181.85,2016
1/24/2016,338109.83,2190,154.39,2016
1/25/2016,5779200.64,38941,148.41,2016
1/26/2016,5338745.4,50094,106.57,2016
1/27/2016,150,1,150,2015
1/27/2016,8538045.71,52145,163.74,2016
1/28/2016,13221530.41,53892,245.33,2016
1/29/2016,7740106.55,36255,213.49,2016
1/30/2016,2866435.87,9535,300.62,2016
1/31/2016,2397401.71,2773,864.55,2016
2/1/2016,11055452.99,37908,291.64,2016
2/2/2016,10339555.99,49210,210.11,2016
2/3/2016,11347042.66,50157,226.23,2016
2/4/2016,11113599.8,51713,214.91,2016
2/5/2016,7039166.03,37123,189.62,2016
2/6/2016,2259257.4,8452,267.3,2016
2/7/2016,342114.2,3896,87.81,2016
2/8/2016,5648370.61,40854,138.26,2016
2/9/2016,7512087.63,54059,138.96,2016
2/10/2016,10620391.25,55031,192.99,2016
2/11/2016,13873627.96,57174,242.66,2016
2/12/2016,32038513.68,36235,884.19,2016
2/13/2016,1318809.53,4523,291.58,2016
2/14/2016,1507888.35,1208,1248.25,2016
2/15/2016,10022119.57,25979,385.78,2016
2/16/2016,5100,1,5100,2015
2/16/2016,11230288.39,50694,221.53,2016
2/17/2016,10879455.13,54920,198.1,2016
2/18/2016,9442651.71,56365,167.53,2016
2/19/2016,7177016.43,40583,176.85,2016
2/20/2016,1842430.06,8606,214.09,2016
2/21/2016,615908.15,3619,170.19,2016
2/22/2016,5601072.51,43545,128.63,2016
2/23/2016,8285042.72,60408,137.15,2016
2/24/2016,86631913.48,55359,1564.91,2016
2/25/2016,12419370.99,57972,214.23,2016
2/26/2016,1493.16,4,373.29,2015
2/26/2016,9356182.02,39123,239.15,2016
2/27/2016,2499133.12,10483,238.4,2016
2/28/2016,1950906.32,3241,601.95,2016
2/29/2016,6804256.41,40698,167.19,2016
3/1/2016,12.12,1,12.12,2015
3/1/2016,8144549.07,49761,163.67,2016
3/2/2016,10802430.75,53874,200.51,2016
3/3/2016,9077444.57,55004,165.03,2016
3/4/2016,15437576.96,40051,385.45,2016
3/5/2016,1050198.16,7202,145.82,2016
3/6/2016,222,1,222,2015
3/6/2016,798391.94,3531,226.11,2016
3/7/2016,6611412.29,40343,163.88,2016
3/8/2016,8585890.7,53361,160.9,2016
3/9/2016,8887036.85,52751,168.47,2016
3/10/2016,9664632.25,54146,178.49,2016
3/11/2016,8706393.59,38561,225.78,2016
3/12/2016,2410741.42,8526,282.75,2016
3/13/2016,554837.28,2327,238.43,2016
3/14/2016,6418620.52,39741,161.51,2016
3/15/2016,5935344.21,51508,115.23,2016
3/16/2016,7952742.59,52098,152.65,2016
3/17/2016,7856391.8,51747,151.82,2016
3/18/2016,6840923.92,37785,181.05,2016
3/19/2016,2683380.45,7717,347.72,2016
3/20/2016,682251.92,2489,274.11,2016
3/21/2016,5544591.96,38094,145.55,2016
3/22/2016,11665091.14,50404,231.43,2016
3/23/2016,6448798.45,48758,132.26,2016
3/24/2016,8138169.92,48523,167.72,2016
3/25/2016,4558656.38,22460,202.97,2016
3/26/2016,312699.09,1882,166.15,2016
3/27/2016,380049.48,849,447.64,2016
3/28/2016,4019578.5,33397,120.36,2016
3/29/2016,7316988.83,48248,151.65,2016
3/30/2016,25,1,25,2015
3/30/2016,20366286.49,51485,395.58,2016
3/31/2016,14517103.32,52344,277.34,2016
4/1/2016,9226721.03,35559,259.48,2016
4/2/2016,1576521.03,7475,210.91,2016
4/3/2016,807614.46,3606,223.96,2016
4/4/2016,15565117.91,41766,372.67,2016
4/5/2016,6625517,49223,134.6,2016
4/6/2016,7596598.01,51875,146.44,2016
4/7/2016,9403563.78,53942,174.33,2016
4/8/2016,6637839.48,38727,171.4,2016
4/9/2016,1689751.27,8850,190.93,2016
4/10/2016,635079.2,2471,257.01,2016
4/11/2016,8109610.67,45872,176.79,2016
4/12/2016,6827434.64,54957,124.23,2016
4/13/2016,10156291.4,57283,177.3,2016
4/14/2016,8450781.21,55782,151.5,2016
4/15/2016,82.75,1,82.75,2015
4/15/2016,8904575.1,40862,217.92,2016
4/16/2016,1684282.03,8406,200.37,2016
4/17/2016,618754.31,2777,222.81,2016
4/18/2016,31453266.37,43572,721.87,2016
4/19/2016,7391161.52,54949,134.51,2016
4/20/2016,8169340.16,55795,146.42,2016
4/21/2016,9097787.97,57094,159.35,2016
4/22/2016,8047261.92,37750,213.17,2016
4/23/2016,1086560.15,6817,159.39,2016
4/24/2016,524752.48,2627,199.75,2016
4/25/2016,6456073.89,44995,143.48,2016
4/26/2016,10766153.08,54727,196.72,2016
4/27/2016,33734148.75,53632,628.99,2016
4/28/2016,33182222.2,56401,588.33,2016
4/29/2016,21293420.66,38105,558.81,2016
4/30/2016,2625083.44,7583,346.18,2016
5/1/2016,1188260.12,2687,442.23,2016
5/2/2016,14948067.92,41592,359.4,2016
5/3/2016,9416072.72,51713,182.08,2016
5/4/2016,9738930.15,54739,177.92,2016
5/5/2016,10192743.34,54767,186.11,2016
5/6/2016,1324.19,1,1324.19,2015
5/6/2016,6354947.56,37174,170.95,2016
5/7/2016,2099203.82,7362,285.14,2016
5/8/2016,486597.78,2414,201.57,2016
5/9/2016,5671142.79,44413,127.69,2016
5/10/2016,9496351.56,56261,168.79,2016
5/11/2016,12103364.32,54839,220.71,2016
5/12/2016,18848812.14,56838,331.62,2016
5/13/2016,27511340.81,39798,691.27,2016
5/14/2016,2392567.34,9065,263.93,2016
5/15/2016,2122093.61,3414,621.59,2016
5/16/2016,11052817.96,46175,239.37,2016
5/17/2016,9446725.65,55219,171.08,2016
5/18/2016,11242459.01,55948,200.94,2016
5/19/2016,8533335.49,57202,149.18,2016
5/20/2016,6182730.6,40333,153.29,2016
5/21/2016,2302124.32,9469,243.12,2016
5/22/2016,490866.25,3270,150.11,2016
5/23/2016,120.08,1,120.08,2015
5/23/2016,27764445.08,43535,637.75,2016
5/24/2016,7739316.12,54929,140.9,2016
5/25/2016,93422548.51,54369,1718.31,2016
5/26/2016,9930891.4,50925,195.01,2016
5/27/2016,10099628.78,27057,373.27,2016
5/28/2016,579353.51,2484,233.23,2016
5/29/2016,274874.4,544,505.28,2016
5/30/2016,794172.45,3369,235.73,2016
5/31/2016,10743812.9,39951,268.92,2016
6/1/2016,8112492.98,49104,165.21,2016
6/2/2016,10618715.8,49694,213.68,2016
6/3/2016,11387783.47,36448,312.44,2016
6/4/2016,1584069.3,7300,217,2016
6/5/2016,649351.94,2743,236.73,2016
6/6/2016,5508225.61,39093,140.9,2016
6/7/2016,10855066.24,51592,210.4,2016
6/8/2016,9412431.84,53151,177.09,2016
6/9/2016,21973723.65,51962,422.88,2016
6/10/2016,7007287.37,34061,205.73,2016
6/11/2016,59.92,1,59.92,2015
6/11/2016,1278634.34,6453,198.15,2016
6/12/2016,497885,2015,247.09,2016
6/13/2016,4371039.81,38732,112.85,2016
6/14/2016,8573035.81,51197,167.45,2016
6/15/2016,8831703.13,50380,175.3,2016
6/16/2016,89.7,1,89.7,2015
6/16/2016,8295132.39,53154,156.06,2016
6/17/2016,4972211.92,34068,145.95,2016
6/18/2016,988098.02,4566,216.4,2016
6/19/2016,342910.31,1503,228.15,2016
6/20/2016,7963662.7,39862,199.78,2016
6/21/2016,5868846.46,47884,122.56,2016
6/22/2016,450,1,450,2015
6/22/2016,8446703.74,48997,172.39,2016
6/23/2016,57.24,1,57.24,2015
6/23/2016,8215696.4,49243,166.84,2016
6/24/2016,5997404.88,31810,188.54,2016
6/25/2016,2347271.92,7429,315.96,2016
6/26/2016,525296.22,2233,235.24,2016
6/27/2016,4541509.29,37019,122.68,2016
6/28/2016,8332252.13,50899,163.7,2016
6/29/2016,8163856.7,46891,174.1,2016
6/30/2016,14937023.09,47202,316.45,2016
7/1/2016,233.26,1,233.26,2015
7/1/2016,16305326.25,21216,768.54,2016
7/2/2016,243606.36,1813,134.37,2016
7/3/2016,313656.61,519,604.35,2016
7/4/2016,1144785.84,718,1594.41,2016
7/5/2016,7421976.24,27408,270.8,2016
7/6/2016,6899594.54,38643,178.55,2016
7/7/2016,6156960.62,41687,147.69,2016
7/8/2016,11242098.29,30103,373.45,2016
7/9/2016,1158450.4,3490,331.93,2016
7/10/2016,272787.81,1618,168.6,2016
7/11/2016,4664711.45,39278,118.76,2016
7/12/2016,5305132.09,49799,106.53,2016
7/13/2016,6321998.97,48868,129.37,2016
7/14/2016,8071855.35,49032,164.62,2016
7/15/2016,17.78,1,17.78,2015
7/15/2016,7810196.2,32880,237.54,2016
7/16/2016,1304291.52,6384,204.31,2016
7/17/2016,331451,1729,191.7,2016
7/18/2016,4014330.27,39123,102.61,2016
7/19/2016,7088848.67,48343,146.64,2016
7/20/2016,7626432.5,47767,159.66,2016
7/21/2016,7835665.73,47552,164.78,2016
7/22/2016,22630209.36,31438,719.84,2016
7/23/2016,1030682.35,4930,209.06,2016
7/24/2016,435172.23,1748,248.95,2016
7/25/2016,6567909.13,36029,182.3,2016
7/26/2016,6788575.75,50067,135.59,2016
7/27/2016,7762828,47382,163.83,2016
7/28/2016,10568726.2,46623,226.68,2016
7/29/2016,5374622.57,29641,181.32,2016
7/30/2016,1554957.97,4375,355.42,2016
7/31/2016,1412547.58,1988,710.54,2016
8/1/2016,6580229.02,34412,191.22,2016
8/2/2016,5444466.61,44532,122.26,2016
8/3/2016,7298537,45095,161.85,2016
8/4/2016,8339836.07,44938,185.59,2016
8/5/2016,6307977.61,29542,213.53,2016
8/6/2016,1402903.58,5027,279.07,2016
8/7/2016,289794.53,1548,187.21,2016
8/8/2016,5259043.06,35634,147.58,2016
8/9/2016,6774543.24,50303,134.67,2016
8/10/2016,7983489.89,47705,167.35,2016
8/11/2016,12855958.31,49875,257.76,2016
8/12/2016,23653557.68,32449,728.95,2016
8/13/2016,1095994.34,5797,189.06,2016
8/14/2016,2158729.9,1830,1179.63,2016
8/15/2016,30325196.59,38019,797.63,2016
8/16/2016,5292109.44,48741,108.58,2016
8/17/2016,7133863.43,51869,137.54,2016
8/18/2016,9371702.58,50031,187.32,2016
8/19/2016,10.81,1,10.81,2015
8/19/2016,5625901.52,33259,169.15,2016
8/20/2016,709315.76,5281,134.31,2016
8/21/2016,40,1,40,2015
8/21/2016,371996.38,1734,214.53,2016
8/22/2016,5429437.69,38528,140.92,2016
8/23/2016,8636528.02,52803,163.56,2016
8/24/2016,10457303.32,49734,210.26,2016
8/25/2016,92989373.33,50438,1843.64,2016
8/26/2016,5486702.38,34210,160.38,2016
8/27/2016,851347.04,5845,145.65,2016
8/28/2016,467753.54,2101,222.63,2016
8/29/2016,4929771.14,38646,127.56,2016
8/30/2016,16273653.4,52191,311.81,2016
8/31/2016,12744423.8,48696,261.71,2016
9/1/2016,7057548.79,42027,167.93,2016
9/2/2016,4309952.32,23771,181.31,2016
9/3/2016,327490.54,1932,169.51,2016
9/4/2016,203184.25,602,337.52,2016
9/5/2016,947403.16,1527,620.43,2016
9/6/2016,3894976.49,41463,93.94,2016
9/7/2016,4773378.94,49619,96.2,2016
9/8/2016,7049175.66,52448,134.4,2016
9/9/2016,8390465.6,36543,229.61,2016
9/10/2016,1573074.5,7445,211.29,2016
9/11/2016,547658.46,3033,180.57,2016
9/12/2016,6821822.58,40280,169.36,2016
9/13/2016,6025777.23,51797,116.33,2016
9/14/2016,6692290.58,52183,128.25,2016
9/15/2016,17080417.12,56726,301.1,2016
9/16/2016,88.04,1,88.04,2015
9/16/2016,8124425.69,37231,218.22,2016
9/17/2016,1452978.11,7252,200.36,2016
9/18/2016,546227.74,2458,222.22,2016
9/19/2016,4210337.15,41412,101.67,2016
9/20/2016,5393983.42,53675,100.49,2016
9/21/2016,7584482.33,53559,141.61,2016
9/22/2016,12711176.19,55657,228.38,2016
9/23/2016,5912646.44,35847,164.94,2016
9/24/2016,1502473.23,7187,209.05,2016
9/25/2016,791638.16,2966,266.9,2016
9/26/2016,5309375.16,41701,127.32,2016
9/27/2016,7024581.03,51356,136.78,2016
9/28/2016,8947183.62,51187,174.79,2016
9/29/2016,8115211.15,52798,153.7,2016
9/30/2016,22262788.49,36366,612.19,2016
10/1/2016,3144143.26,6256,502.58,2016
10/2/2016,559209.57,1806,309.64,2016
10/3/2016,16627411.58,35015,474.87,2016
10/4/2016,235.88,2,117.94,2015
10/4/2016,6158055.62,47330,130.11,2016
10/5/2016,8238053.88,50435,163.34,2016
10/6/2016,10946494.99,47402,230.93,2016
10/7/2016,6790624.2,32774,207.2,2016
10/8/2016,1915453.63,6442,297.34,2016
10/9/2016,518492.2,2500,207.4,2016
10/10/2016,3544885.6,33179,106.84,2016
10/11/2016,7434595.83,48548,153.14,2016
10/12/2016,7265542.18,46826,155.16,2016
10/13/2016,10.04,1,10.04,2015
10/13/2016,9560182.89,57601,165.97,2016
10/14/2016,7680633.12,37983,202.21,2016
10/15/2016,2400727.19,8437,284.55,2016
10/16/2016,39.39,1,39.39,2015
10/16/2016,666047.16,4162,160.03,2016
10/17/2016,7323431.9,40430,181.14,2016
10/18/2016,8397838.69,53134,158.05,2016
10/19/2016,9832934.91,51729,190.09,2016
10/20/2016,8310327.28,53674,154.83,2016
10/21/2016,6826250.94,36186,188.64,2016
10/22/2016,1557563.54,7789,199.97,2016
10/23/2016,478238.01,3306,144.66,2016
10/24/2016,6348648.21,39951,158.91,2016
10/25/2016,8199671.1,55377,148.07,2016
10/26/2016,9914804.41,53935,183.83,2016
10/27/2016,12357384.12,55956,220.84,2016
10/28/2016,9274121.08,35736,259.52,2016
10/29/2016,1365010.17,6157,221.7,2016
10/30/2016,469910.74,1945,241.6,2016
10/31/2016,8897191.25,34868,255.17,2016
11/1/2016,10624048.95,47714,222.66,2016
11/2/2016,10691066.28,52913,202.05,2016
11/3/2016,10324812.51,53440,193.2,2016
11/4/2016,7282976.21,37156,196.01,2016
11/5/2016,1367656.57,7451,183.55,2016
11/6/2016,382543.64,2700,141.68,2016
11/7/2016,6135960.19,43024,142.62,2016
11/8/2016,17820018.62,50379,353.72,2016
11/9/2016,16001829.91,54523,293.49,2016
11/10/2016,13466398.77,56622,237.83,2016
11/11/2016,8371810.21,37410,223.79,2016
11/12/2016,1857211.74,8256,224.95,2016
11/13/2016,2286193.09,3049,749.82,2016
11/14/2016,18651670.46,42794,435.85,2016
11/15/2016,21587859.24,59388,363.51,2016
11/16/2016,12178720.02,57864,210.47,2016
11/17/2016,14.7,1,14.7,2015
11/17/2016,9764609.6,58302,167.48,2016
11/18/2016,8334323.26,37765,220.69,2016
11/19/2016,1316921.51,5951,221.29,2016
11/20/2016,456336.34,1715,266.09,2016
11/21/2016,10804478.66,37145,290.87,2016
11/22/2016,107462989.4,39958,2689.4,2016
11/23/2016,5563218.05,24523,226.86,2016
11/24/2016,824509.42,1300,634.24,2016
11/25/2016,668464.87,1115,599.52,2016
11/26/2016,133108.85,570,233.52,2016
11/27/2016,245301.75,1290,190.16,2016
11/28/2016,5024424.41,34378,146.15,2016
11/29/2016,13377765.93,49661,269.38,2016
11/30/2016,12451647.98,52526,237.06,2016
12/1/2016,9379903.11,51003,183.91,2016
12/2/2016,7970674,38073,209.35,2016
12/3/2016,1427667.31,8230,173.47,2016
12/4/2016,686690.73,3576,192.03,2016
12/5/2016,5153895.11,39849,129.34,2016
12/6/2016,5991878.25,50872,117.78,2016
12/7/2016,109.77,1,109.77,2015
12/7/2016,17540393.23,55735,314.71,2016
12/8/2016,8854420.5,51342,172.46,2016
12/9/2016,7405027.59,35949,205.99,2016
12/10/2016,1885855.23,9211,204.74,2016
12/11/2016,735270.95,3408,215.75,2016
12/12/2016,5336416.52,39701,134.42,2016
12/13/2016,5575016.64,50918,109.49,2016
12/14/2016,7806277.64,46469,167.99,2016
12/15/2016,10973196.82,43577,251.81,2016
12/16/2016,3525.55,2,1762.78,2015
12/16/2016,8630826.29,28054,307.65,2016
12/17/2016,493568.22,3241,152.29,2016
12/18/2016,421482.08,1422,296.4,2016
12/19/2016,5965594.06,28652,208.21,2016
12/20/2016,5805738.71,32312,179.68,2016
12/21/2016,6852965.89,31236,219.39,2016
12/22/2016,4681280.46,20343,230.12,2016
12/23/2016,2395284.16,6985,342.92,2016
12/24/2016,481721.78,694,694.12,2016
12/25/2016,173932.64,88,1976.51,2016
12/26/2016,552610.13,599,922.55,2016
12/27/2016,2162133.63,5370,402.63,2016
12/28/2016,5357337.93,7520,712.41,2016
12/29/2016,4731538.88,6699,706.31,2016
12/30/2016,4753807.29,7274,653.53,2016
12/31/2016,29970296.64,8908,3364.42,2016
1/1/2017,12778616.34,1226,10423.01,2017
1/2/2017,607941.84,1741,349.19,2017
1/3/2017,11010064.29,22914,480.5,2017
1/4/2017,16577864.65,31399,527.97,2017
1/5/2017,6203069.28,32880,188.66,2017
1/6/2017,7933563.87,25248,314.23,2017
1/7/2017,957010.92,3971,241,2017
1/8/2017,267343.21,1700,157.26,2017
1/9/2017,3706719.59,32503,114.04,2017
1/10/2017,4797451.42,40915,117.25,2017
1/11/2017,5976592.59,42093,141.99,2017
1/12/2017,6292602.55,41917,150.12,2017
1/13/2017,7399410.49,29818,248.15,2017
1/14/2017,1218431.25,6479,188.06,2017
1/15/2017,538636.03,1409,382.28,2017
1/16/2017,4847349.42,21692,223.46,2017
1/17/2017,4402535.07,46149,95.4,2017
1/18/2017,10977174.29,47571,230.75,2017
1/19/2017,7215159.66,49044,147.12,2017
1/20/2017,5562163.61,35293,157.6,2017
1/21/2017,1211078.84,5667,213.71,2017
1/22/2017,368360.82,2723,135.28,2017
1/23/2017,5025250.15,38403,130.86,2017
1/24/2017,6313812.69,49281,128.12,2017
1/25/2017,8906105.31,49002,181.75,2017
1/26/2017,11312616.97,52137,216.98,2017
1/27/2017,7679480.83,34829,220.49,2017
1/28/2017,1973513.24,14806,133.29,2017
1/29/2017,534564.5,2177,245.55,2017
1/30/2017,7586436.36,39532,191.91,2017
1/31/2017,10200518.82,49535,205.93,2017
2/1/2017,8016948.79,48051,166.84,2017
2/2/2017,10316188.63,49333,209.11,2017
2/3/2017,7260632.6,34486,210.54,2017
2/4/2017,1164772.17,5239,222.33,2017
2/5/2017,429225.05,2010,213.54,2017
2/6/2017,6948960.74,38492,180.53,2017
2/7/2017,6350039.68,52334,121.34,2017
2/8/2017,7981087.95,50774,157.19,2017
2/9/2017,6790801.61,45255,150.06,2017
2/10/2017,6902199.46,36779,187.67,2017
2/11/2017,2807830.23,10435,269.08,2017
2/12/2017,681367.45,2160,315.45,2017
2/13/2017,20493804.01,43187,474.54,2017
2/14/2017,17483092.76,51168,341.68,2017
2/15/2017,32677071.15,56079,582.7,2017
2/16/2017,7879274.81,54899,143.52,2017
2/17/2017,6149249.64,34740,177.01,2017
2/18/2017,1072172.5,4546,235.85,2017
2/19/2017,270647.06,1416,191.13,2017
2/20/2017,6109552.8,26457,230.92,2017
2/21/2017,9119595.99,52470,173.81,2017
2/22/2017,16653472.04,56529,294.6,2017
2/23/2017,10304596.48,56431,182.61,2017
2/24/2017,11070617.9,35953,307.92,2017
2/25/2017,1613002.15,6622,243.58,2017
2/26/2017,1645872.53,4448,370.03,2017
2/27/2017,7426266.54,42458,174.91,2017
2/28/2017,9522339.17,55780,170.71,2017
3/1/2017,108002914.6,49433,2184.83,2017
3/2/2017,13944267.4,52012,268.1,2017
3/3/2017,7724708.03,38941,198.37,2017
3/4/2017,2385749.65,8406,283.82,2017
3/5/2017,540674.02,4595,117.67,2017
3/6/2017,6423976,41822,153.6,2017
3/7/2017,6007640.93,52426,114.59,2017
3/8/2017,9561505.83,54259,176.22,2017
3/9/2017,9017205.26,57551,156.68,2017
3/10/2017,8146592.9,37358,218.07,2017
3/11/2017,1777064.88,5744,309.38,2017
3/12/2017,1565302.44,2827,553.7,2017
3/13/2017,5371209.15,38731,138.68,2017
3/14/2017,5717842.23,38401,148.9,2017
3/15/2017,9277739.97,47534,195.18,2017
3/16/2017,7489281.22,48502,154.41,2017
3/17/2017,6851070.45,32610,210.09,2017
3/18/2017,1066179.6,4664,228.6,2017
3/19/2017,960897.18,2531,379.65,2017
3/20/2017,7318060.75,39456,185.47,2017
3/21/2017,6238487.41,53194,117.28,2017
3/22/2017,8307618.04,54941,151.21,2017
3/23/2017,9042163.77,55230,163.72,2017
3/24/2017,6786723.56,37079,183.03,2017
3/25/2017,1795081.03,7226,248.42,2017
3/26/2017,659831.32,2908,226.9,2017
3/27/2017,6767584.19,40096,168.78,2017
3/28/2017,7972155.96,51082,156.07,2017
3/29/2017,11061898.03,50282,220,2017
3/30/2017,9455611.33,52173,181.24,2017
3/31/2017,12023639.81,35719,336.62,2017
4/1/2017,3319226.32,10140,327.34,2017
4/2/2017,484629.54,2600,186.4,2017
4/3/2017,6058245.21,37899,159.85,2017
4/4/2017,6601852.92,51545,128.08,2017
4/5/2017,18342514.89,49049,373.96,2017
4/6/2017,8240158.3,52588,156.69,2017
4/7/2017,6698980.29,36168,185.22,2017
4/8/2017,2404381.69,8389,286.61,2017
4/9/2017,687330.27,2290,300.14,2017
4/10/2017,7787548.83,40249,193.48,2017
4/11/2017,7459445.59,49853,149.63,2017
4/12/2017,9984921.82,54275,183.97,2017
4/13/2017,7660090.29,47713,160.55,2017
4/14/2017,6060544.15,23234,260.85,2017
4/15/2017,412745.94,2044,201.93,2017
4/16/2017,155315.34,1280,121.34,2017
4/17/2017,6203749.92,36908,168.09,2017
4/18/2017,6582244.89,51354,128.17,2017
4/19/2017,8678725.3,54103,160.41,2017
4/20/2017,10508651.67,55658,188.81,2017
4/21/2017,7526884.07,38908,193.45,2017
4/22/2017,2203903.47,9238,238.57,2017
4/23/2017,549050.25,3297,166.53,2017
4/24/2017,5634930.76,43066,130.84,2017
4/25/2017,8697804.18,56117,154.99,2017
4/26/2017,8736826.3,53834,162.29,2017
4/27/2017,16882953.91,55569,303.82,2017
4/28/2017,10663551.67,37394,285.17,2017
4/29/2017,1586641.93,7359,215.61,2017
4/30/2017,1883305.82,3030,621.55,2017
5/1/2017,8024223.62,37714,212.77,2017
5/2/2017,8368865.8,51149,163.62,2017
5/3/2017,8439529.44,52793,159.86,2017
5/4/2017,10076474.04,52141,193.25,2017
5/5/2017,10216320.54,36735,278.11,2017
5/6/2017,1926411.81,8410,229.06,2017
5/7/2017,691669.9,3968,174.31,2017
5/8/2017,6468723.55,42874,150.88,2017
5/9/2017,8052414.14,54462,147.85,2017
5/10/2017,11726598.46,57688,203.28,2017
5/11/2017,14258520,58287,244.63,2017
5/12/2017,22924975.63,37535,610.76,2017
5/13/2017,1509640.53,6538,230.9,2017
5/14/2017,441573.94,2234,197.66,2017
5/15/2017,30757130.89,43495,707.14,2017
5/16/2017,9031992.46,55867,161.67,2017
5/17/2017,10535626.31,54877,191.99,2017
5/18/2017,9741543.85,55686,174.94,2017
5/19/2017,7405775.88,38817,190.79,2017
5/20/2017,1567866.56,7159,219.01,2017
5/21/2017,732477.37,3395,215.75,2017
5/22/2017,8266023.54,42474,194.61,2017
5/23/2017,9504134.64,54582,174.13,2017
5/24/2017,9375989.44,55501,168.93,2017
5/25/2017,111043269.9,49178,2257.99,2017
5/26/2017,11323393.94,25851,438.03,2017
5/27/2017,290856.81,1715,169.6,2017
5/28/2017,527953.35,746,707.71,2017
5/29/2017,721354.72,1574,458.29,2017
5/30/2017,14026426.47,40173,349.15,2017
5/31/2017,11333634.73,49773,227.71,2017
6/1/2017,13224796.57,48166,274.57,2017
6/2/2017,8580293.98,33731,254.37,2017
6/3/2017,1429953.34,7337,194.9,2017
6/4/2017,678411.5,3053,222.21,2017
6/5/2017,5958587.37,40762,146.18,2017
6/6/2017,7536885.29,51015,147.74,2017
6/7/2017,7123732.05,48910,145.65,2017
6/8/2017,9180665.03,52750,174.04,2017
6/9/2017,5574552.37,32489,171.58,2017
6/10/2017,1384817.01,6229,222.32,2017
6/11/2017,595603.41,2677,222.49,2017
6/12/2017,5771650.35,38587,149.57,2017
6/13/2017,6004620.52,48864,122.88,2017
6/14/2017,8077796.85,49928,161.79,2017
6/15/2017,8868448.83,49430,179.41,2017
6/16/2017,6372913.42,31744,200.76,2017
6/17/2017,1524934.2,6833,223.17,2017
6/18/2017,877793.93,1752,501.02,2017
6/19/2017,5668652.42,39046,145.18,2017
6/20/2017,5704339.02,51211,111.39,2017
6/21/2017,9496476.9,48991,193.84,2017
6/22/2017,8420901.72,50522,166.68,2017
6/23/2017,6699048.96,34283,195.4,2017
6/24/2017,1659035.94,6638,249.93,2017
6/25/2017,538398.53,2052,262.38,2017
6/26/2017,5742750.88,39220,146.42,2017
6/27/2017,10975887.67,48291,227.29,2017
6/28/2017,8889501.36,48889,181.83,2017
6/29/2017,12866261.06,49535,259.74,2017
6/30/2017,12867719.06,27673,464.99,2017
7/1/2017,2291628.62,3704,618.69,2017
7/2/2017,878002.05,732,1199.46,2017
7/3/2017,3408943.69,7314,466.08,2017
7/4/2017,614321.33,2050,299.67,2017
7/5/2017,4844739.34,26645,181.83,2017
7/6/2017,24435524.4,36419,670.96,2017
7/7/2017,22182821,28519,777.83,2017
7/8/2017,577990.42,2569,224.99,2017
7/9/2017,449279.96,1820,246.86,2017
7/10/2017,6039375.64,38430,157.15,2017
7/11/2017,4861767.5,46785,103.92,2017
7/12/2017,8072666.4,48877,165.16,2017
7/13/2017,8727735.54,47175,185.01,2017
7/14/2017,6838548.56,33543,203.87,2017
7/15/2017,1247184.32,4192,297.52,2017
7/16/2017,598229.99,1975,302.9,2017
7/17/2017,6219498.17,40796,152.45,2017
7/18/2017,5526323.54,48281,114.46,2017
7/19/2017,7666197.89,49491,154.9,2017
7/20/2017,9572124.05,48851,195.95,2017
7/21/2017,6792097.05,29489,230.33,2017
7/22/2017,786282.43,3865,203.44,2017
7/23/2017,576684.72,1660,347.4,2017
7/24/2017,4594383.53,34788,132.07,2017
7/25/2017,7827170.51,46375,168.78,2017
7/26/2017,9305500.68,46583,199.76,2017
7/27/2017,13599706.59,46934,289.76,2017
7/28/2017,8424865.94,30344,277.65,2017
7/29/2017,1103061.49,4351,253.52,2017
7/30/2017,560424.39,2041,274.58,2017
7/31/2017,6880229.4,35355,194.6,2017
8/1/2017,9002664.52,41706,215.86,2017
8/2/2017,7836488.96,43030,182.12,2017
8/3/2017,10277638.6,43803,234.63,2017
8/4/2017,4231757.56,27889,151.74,2017
8/5/2017,618964.8,4041,153.17,2017
8/6/2017,403502.93,1580,255.38,2017
8/7/2017,5340209.75,35074,152.26,2017
8/8/2017,7320753.95,46024,159.06,2017
8/9/2017,8384778.84,45740,183.31,2017
8/10/2017,8696458.88,49326,176.31,2017
8/11/2017,14310799.01,30146,474.72,2017
8/12/2017,1445945.21,5327,271.44,2017
8/13/2017,408661.16,1931,211.63,2017
8/14/2017,39394825.07,37577,1048.38,2017
8/15/2017,10779061.52,48375,222.82,2017
8/16/2017,6920921.13,50058,138.26,2017
8/17/2017,12318585.63,50924,241.9,2017
8/18/2017,16740519.94,31988,523.34,2017
8/19/2017,813675.06,4834,168.32,2017
8/20/2017,458882.32,1653,277.61,2017
8/21/2017,4251864.9,33517,126.86,2017
8/22/2017,7733283.66,49794,155.31,2017
8/23/2017,8498010.75,52192,162.82,2017
8/24/2017,9450880.94,50754,186.21,2017
8/25/2017,107979407,32253,3347.89,2017
8/26/2017,1172864.26,5798,202.29,2017
8/27/2017,561791.15,2159,260.21,2017
8/28/2017,5230159.4,38960,134.24,2017
8/29/2017,10198510.86,49845,204.6,2017
8/30/2017,13158424.84,47616,276.34,2017
8/31/2017,10226389.04,44424,230.2,2017
9/1/2017,4789678.28,22834,209.76,2017
9/2/2017,365671.04,1897,192.76,2017
9/3/2017,338534.33,537,630.42,2017
9/4/2017,856713.29,1401,611.5,2017
9/5/2017,4895065.11,37482,130.6,2017
9/6/2017,7747801.94,46631,166.15,2017
9/7/2017,7875036.75,49729,158.36,2017
9/8/2017,6924962.51,35688,194.04,2017
9/9/2017,1600997.88,5765,277.71,2017
9/10/2017,910546.21,2929,310.87,2017
9/11/2017,4252227.5,36709,115.84,2017
9/12/2017,5954726.82,49584,120.09,2017
9/13/2017,6054083.93,49719,121.77,2017
9/14/2017,7936526.73,52590,150.91,2017
9/15/2017,9940707.2,36806,270.08,2017
9/16/2017,2723420.08,8378,325.07,2017
9/17/2017,884522.97,2958,299.03,2017
9/18/2017,6120497.52,42330,144.59,2017
9/19/2017,8784952.46,54496,161.2,2017
9/20/2017,9661794.3,51467,187.73,2017
9/21/2017,7853218.53,51828,151.52,2017
9/22/2017,6350954.15,35316,179.83,2017
9/23/2017,1062905.95,6453,164.72,2017
9/24/2017,814820.87,2564,317.79,2017
9/25/2017,5283169.69,39600,133.41,2017
9/26/2017,6804184.47,50129,135.73,2017
9/27/2017,7981260.7,50411,158.32,2017
9/28/2017,10086112.92,51960,194.11,2017
9/29/2017,7135690.33,32632,218.67,2017
9/30/2017,6064778.87,5461,1110.56,2017
10/1/2017,1876709.37,3698,507.49,2017
10/2/2017,5242531.88,34347,152.63,2017
10/3/2017,14726201.44,47924,307.28,2017
10/4/2017,10647219.77,48182,220.98,2017
10/5/2017,8481278.56,50130,169.19,2017
10/6/2017,5998780.04,33448,179.35,2017
10/7/2017,1748515.52,6391,273.59,2017
10/8/2017,705254.7,3050,231.23,2017
10/9/2017,5345231.14,34240,156.11,2017
10/10/2017,7928744.93,49850,159.05,2017
10/11/2017,7795436.9,53534,145.62,2017
10/12/2017,9541395.43,54932,173.69,2017
10/13/2017,10837545.4,35205,307.84,2017
10/14/2017,1424813.36,7021,202.94,2017
10/15/2017,754617.47,3780,199.63,2017
10/16/2017,5478557.49,42168,129.92,2017
10/17/2017,8022279.4,52662,152.34,2017
10/18/2017,11038897.77,52096,211.9,2017
10/19/2017,9966422.21,53330,186.88,2017
10/20/2017,6892909.27,36126,190.8,2017
10/21/2017,1405734.12,6791,207,2017
10/22/2017,730095.55,2608,279.94,2017
10/23/2017,5754002.75,41145,139.85,2017
10/24/2017,6953646.78,55788,124.64,2017
10/25/2017,14133977.15,53923,262.11,2017
10/26/2017,12811591.23,56680,226.03,2017
10/27/2017,7808628.51,35560,219.59,2017
10/28/2017,1677631.94,6491,258.46,2017
10/29/2017,578945.99,3082,187.85,2017
10/30/2017,9747354.59,40464,240.89,2017
10/31/2017,7365714.85,45760,160.96,2017
11/1/2017,10436838,50088,208.37,2017
11/2/2017,10537897.97,53875,195.6,2017
11/3/2017,30463905.25,36484,834.99,2017
11/4/2017,1792626.26,8774,204.31,2017
11/5/2017,694369.39,2739,253.51,2017
11/6/2017,23013084.85,43764,525.85,2017
11/7/2017,7346940.86,51972,141.36,2017
11/8/2017,8539846.91,54792,155.86,2017
11/9/2017,17271575.81,56035,308.23,2017
11/10/2017,11046621.08,37820,292.08,2017
11/11/2017,2284041.9,10110,225.92,2017
11/12/2017,948543.01,4686,202.42,2017
11/13/2017,17686678.32,44497,397.48,2017
11/14/2017,14450654.42,57436,251.6,2017
11/15/2017,36126157.87,57706,626.04,2017
11/16/2017,13386528.77,58096,230.42,2017
11/17/2017,8186803.62,37073,220.83,2017
11/18/2017,1278984.94,6289,203.37,2017
11/19/2017,773883.48,2277,339.87,2017
11/20/2017,6331214.85,36709,172.47,2017
11/21/2017,119278847.8,41720,2859.03,2017
11/22/2017,7990511.44,20692,386.16,2017
11/23/2017,372115.06,1247,298.41,2017
11/24/2017,1416718.72,1093,1296.17,2017
11/25/2017,167041.72,626,266.84,2017
11/26/2017,763126.17,1588,480.56,2017
11/27/2017,6808490.14,34326,198.35,2017
11/28/2017,7925484.6,49749,159.31,2017
11/29/2017,15380270.58,49629,309.9,2017
11/30/2017,11580561.41,49600,233.48,2017
12/1/2017,8272039.53,37216,222.27,2017
12/2/2017,1803638.76,7219,249.85,2017
12/3/2017,736130.47,3112,236.55,2017
12/4/2017,5267359.66,38784,135.81,2017
12/5/2017,8270895.42,52163,158.56,2017
12/6/2017,36956865.31,49615,744.87,2017
12/7/2017,9807361.31,52711,186.06,2017
12/8/2017,6896180.78,34970,197.2,2017
12/9/2017,2181697.34,7992,272.99,2017
12/10/2017,1047226.39,3382,309.65,2017
12/11/2017,4991314.96,39067,127.76,2017
12/12/2017,6570814.88,52453,125.27,2017
12/13/2017,7956893.72,49091,162.08,2017
12/14/2017,9968039.46,48121,207.15,2017
12/15/2017,9822389.07,30257,324.63,2017
12/16/2017,570837.11,3556,160.53,2017
12/17/2017,665330.88,1561,426.22,2017
12/18/2017,5503112.8,32505,169.3,2017
12/19/2017,5754658.64,38754,148.49,2017
12/20/2017,27221372.93,36790,739.91,2017
12/21/2017,8213172.18,26479,310.18,2017
12/22/2017,3960161.21,11992,330.23,2017
12/23/2017,123514,1006,122.78,2017
12/24/2017,348959.05,303,1151.68,2017
12/25/2017,379971.19,199,1909.4,2017
12/26/2017,1915517.18,3462,553.3,2017
12/27/2017,2971624.11,6880,431.92,2017
12/28/2017,3610851.3,7024,514.07,2017
12/29/2017,4279323.23,5361,798.23,2017
12/30/2017,603121.61,796,757.69,2017
12/31/2017,26206128.46,6645,3943.74,2017
1/1/2018,4562734.63,1816,2512.52,2018
1/2/2018,7769684.57,22596,343.85,2018
1/3/2018,11901714.87,26439,450.16,2018
1/4/2018,4954056.66,25423,194.87,2018
1/5/2018,5908000.99,22254,265.48,2018
1/6/2018,2056750.51,4627,444.51,2018
1/7/2018,290429.07,1582,183.58,2018
1/8/2018,3391232.84,32350,104.83,2018
1/9/2018,4253285.08,43546,97.67,2018
1/10/2018,6720176.98,42481,158.19,2018
1/11/2018,7093623.96,44391,159.8,2018
1/12/2018,5195616.52,30310,171.42,2018
1/13/2018,694493.68,4462,155.65,2018
1/14/2018,438191.55,1476,296.88,2018
1/15/2018,3491955.71,18563,188.11,2018
1/16/2018,4283093.91,39516,108.39,2018
1/17/2018,5817453.95,37824,153.8,2018
1/18/2018,145.08,1,145.08,2015
1/18/2018,8207592.98,45251,181.38,2018
1/19/2018,6100801.23,32510,187.66,2018
1/20/2018,1016970.66,7997,127.17,2018
1/21/2018,712016.59,2049,347.49,2018
1/22/2018,5334345.91,35799,149.01,2018
1/23/2018,5372244.01,46720,114.99,2018
1/24/2018,7927570.06,45084,175.84,2018
1/25/2018,10193393.89,49411,206.3,2018
1/26/2018,11754948.69,31697,370.85,2018
1/27/2018,1864488.03,7356,253.46,2018
1/28/2018,510902.79,2041,250.32,2018
1/29/2018,7183960.82,35146,204.4,2018
1/30/2018,11178626.21,45194,247.35,2018
1/31/2018,8570376.96,43425,197.36,2018
2/1/2018,12733537.09,44548,285.84,2018
2/2/2018,6114274.79,32036,190.86,2018
2/3/2018,1518209.56,6127,247.79,2018
2/4/2018,452511.35,1454,311.22,2018
2/5/2018,8687598.12,34813,249.55,2018
2/6/2018,6072850.05,48864,124.28,2018
2/7/2018,10402967.06,46272,224.82,2018
2/8/2018,8877616.94,51536,172.26,2018
2/9/2018,6851937.1,32956,207.91,2018
2/10/2018,913654.64,5289,172.75,2018
2/11/2018,596145.62,2087,285.65,2018
2/12/2018,9563396.3,39123,244.44,2018
2/13/2018,22112946.79,52279,422.98,2018
2/14/2018,14932420.06,45329,329.42,2018
2/15/2018,25352340.56,49860,508.47,2018
2/16/2018,13866199.71,31277,443.34,2018
2/17/2018,865050.38,5054,171.16,2018
2/18/2018,599378.14,1711,350.31,2018
2/19/2018,9739321.55,22729,428.5,2018
2/20/2018,16460516.14,48603,338.67,2018
2/21/2018,8234504.75,52078,158.12,2018
2/22/2018,9556389.62,51859,184.28,2018
2/23/2018,9445237.89,36148,261.29,2018
2/24/2018,1619392.13,7337,220.72,2018
2/25/2018,791961.45,2499,316.91,2018
2/26/2018,5417923.76,39510,137.13,2018
2/27/2018,8973361.81,52307,171.55,2018
2/28/2018,12205588.37,53698,227.3,2018
3/1/2018,125194651.8,49775,2515.21,2018
3/2/2018,10004373.84,34651,288.72,2018
3/3/2018,1502468.42,6938,216.56,2018
3/4/2018,574287.81,2943,195.14,2018
3/5/2018,8923206.86,38767,230.18,2018
3/6/2018,6099129.26,52621,115.91,2018
3/7/2018,6324853.61,48100,131.49,2018
3/8/2018,8943169.95,52900,169.06,2018
3/9/2018,8564432.32,37047,231.18,2018
3/10/2018,1432129.31,6981,205.15,2018
3/11/2018,534036.5,2419,220.77,2018
3/12/2018,6756762.9,35430,190.71,2018
3/13/2018,6585295.49,46453,141.76,2018
3/14/2018,7470563.62,48106,155.29,2018
3/15/2018,8334556.93,47986,173.69,2018
3/16/2018,5336356.28,31233,170.86,2018
3/17/2018,698821.47,4783,146.11,2018
3/18/2018,651972.99,2751,236.99,2018
3/19/2018,4961792.66,39120,126.84,2018
3/20/2018,8514413.34,50506,168.58,2018
3/21/2018,6136628.32,44942,136.55,2018
3/22/2018,9429747.15,51542,182.95,2018
3/23/2018,6848494.8,35699,191.84,2018
3/24/2018,2175645.47,9667,225.06,2018
3/25/2018,708591.38,2204,321.5,2018
3/26/2018,5287364.86,36671,144.18,2018
3/27/2018,11761102.52,47933,245.37,2018
3/28/2018,11661024.45,51869,224.82,2018
3/29/2018,7219851.27,44513,162.2,2018
3/30/2018,6745491.98,20613,327.24,2018
3/31/2018,5020100.31,3569,1406.58,2018
4/1/2018,2528771.25,1095,2309.38,2018
4/2/2018,7977590.31,26783,297.86,2018
4/3/2018,7111067.22,41493,171.38,2018
4/4/2018,7906696.79,46403,170.39,2018
4/5/2018,8585935.53,46229,185.73,2018
4/6/2018,16799226.3,31583,531.91,2018
4/7/2018,1795354.42,7258,247.36,2018
4/8/2018,585435.66,1721,340.17,2018
4/9/2018,5995799.3,38426,156.03,2018
4/10/2018,6230214.31,53242,117.02,2018
4/11/2018,9147627.43,51140,178.87,2018
4/12/2018,9172170.66,54129,169.45,2018
4/13/2018,11429518.68,36895,309.79,2018
4/14/2018,2098832.71,10086,208.09,2018
4/15/2018,1122316.86,4423,253.75,2018
4/16/2018,10121819.86,39151,258.53,2018
4/17/2018,6267768.56,52181,120.12,2018
4/18/2018,10271097.78,57166,179.67,2018
4/19/2018,11949921.82,55902,213.77,2018
4/20/2018,6967494.49,37133,187.64,2018
4/21/2018,2270954.58,9178,247.43,2018
4/22/2018,781472.15,3226,242.24,2018
4/23/2018,4605521.74,39217,117.44,2018
4/24/2018,7271995.87,53886,134.95,2018
4/25/2018,9883335.45,54632,180.91,2018
4/26/2018,13790068.77,55660,247.76,2018
4/27/2018,9549738.84,35540,268.7,2018
4/28/2018,1748595,6559,266.59,2018
4/29/2018,657966.12,2589,254.14,2018
4/30/2018,8418368.7,37853,222.4,2018
5/1/2018,12208813.99,49662,245.84,2018
5/2/2018,9455482.77,49089,192.62,2018
5/3/2018,11415009.94,49879,228.85,2018
5/4/2018,11398624.24,34555,329.87,2018
5/5/2018,1447829.44,7482,193.51,2018
5/6/2018,774552.32,3228,239.95,2018
5/7/2018,5801946.65,39797,145.79,2018
5/8/2018,7246543.5,52125,139.02,2018
5/9/2018,12247685.24,55885,219.16,2018
5/10/2018,12287036.94,56844,216.15,2018
5/11/2018,8800850.69,35761,246.1,2018
5/12/2018,1227382.16,4934,248.76,2018
5/13/2018,386397.97,1039,371.89,2018
5/14/2018,22084436.47,39123,564.49,2018
5/15/2018,33761953.7,54006,625.15,2018
5/16/2018,8707401.59,51217,170.01,2018
5/17/2018,12299182.54,53718,228.96,2018
5/18/2018,7466147.91,36496,204.57,2018
5/19/2018,2554417.45,8453,302.19,2018
5/20/2018,765059.9,2958,258.64,2018
5/21/2018,5422197.81,39271,138.07,2018
5/22/2018,7523907.89,50193,149.9,2018
5/23/2018,9804285.81,48079,203.92,2018
5/24/2018,11996577.03,47803,250.96,2018
5/25/2018,13154608.46,24174,544.16,2018
5/26/2018,421381.17,2139,197,2018
5/27/2018,290217.47,520,558.11,2018
5/28/2018,844261.82,2849,296.34,2018
5/29/2018,122082523,36895,3308.92,2018
5/30/2018,16150252.98,47394,340.77,2018
5/31/2018,12512623.63,47756,262.01,2018
6/1/2018,8213704.31,32122,255.7,2018
6/2/2018,1537142.29,6279,244.81,2018
6/3/2018,600877.44,2913,206.27,2018
6/4/2018,4989992.45,38116,130.92,2018
6/5/2018,6122016.19,45082,135.8,2018
6/6/2018,7432551.73,45661,162.78,2018
6/7/2018,10035448.28,47941,209.33,2018
6/8/2018,6750090.85,30526,221.13,2018
6/9/2018,1509746.12,6928,217.92,2018
6/10/2018,478803.48,2075,230.75,2018
6/11/2018,4279729.05,37917,112.87,2018
6/12/2018,6162731.32,47504,129.73,2018
6/13/2018,9530826.26,48216,197.67,2018
6/14/2018,10283138.31,47985,214.3,2018
6/15/2018,5767572.8,30486,189.19,2018
6/16/2018,821289.99,4991,164.55,2018
6/17/2018,15.41,1,15.41,2015
6/17/2018,510844.4,1191,428.92,2018
6/18/2018,6170008.38,37672,163.78,2018
6/19/2018,8943457.02,45317,197.35,2018
6/20/2018,7861912.97,46093,170.57,2018
6/21/2018,8581892.68,47549,180.49,2018
6/22/2018,5605816.93,30933,181.22,2018
6/23/2018,1783957.33,7524,237.1,2018
6/24/2018,639036.94,2460,259.77,2018
6/25/2018,4707163,33778,139.36,2018
6/26/2018,7004821.37,48115,145.58,2018
6/27/2018,10663901.07,45682,233.44,2018
6/28/2018,9623267.51,45528,211.37,2018
6/29/2018,8010976.62,28101,285.08,2018
6/30/2018,6224848.6,4986,1248.47,2018
7/1/2018,1802798.61,1487,1212.37,2018
7/2/2018,5993356.44,25427,235.71,2018
7/3/2018,14631217.07,25023,584.71,2018
7/4/2018,1815585.65,2459,738.34,2018
7/5/2018,4850592.72,17748,273.3,2018
7/6/2018,4179514.08,17804,234.75,2018
7/7/2018,345742.07,1880,183.91,2018
7/8/2018,598456.12,1066,561.4,2018
7/9/2018,4984726.29,35548,140.23,2018
7/10/2018,5766702.96,45351,127.16,2018
7/11/2018,6453929.43,45798,140.92,2018
7/12/2018,21958351.73,45861,478.8,2018
7/13/2018,5041006.22,30148,167.21,2018
7/14/2018,1153704.81,5094,226.48,2018
7/15/2018,623877.88,1694,368.29,2018
7/16/2018,4175997.17,36316,114.99,2018
7/17/2018,7185435.43,45696,157.24,2018
7/18/2018,14094362.2,45565,309.32,2018
7/19/2018,7952197.71,47018,169.13,2018
7/20/2018,5959584.47,30554,195.05,2018
7/21/2018,977578.89,6325,154.56,2018
7/22/2018,823151.3,2147,383.4,2018
7/23/2018,9249429.09,34477,268.28,2018
7/24/2018,7143160.75,44745,159.64,2018
7/25/2018,8896877.21,47363,187.84,2018
7/26/2018,10960441.05,46404,236.2,2018
7/27/2018,6774981.07,27575,245.69,2018
7/28/2018,1813044.67,5125,353.76,2018
7/29/2018,436821.11,1257,347.51,2018
7/30/2018,7392812.56,35369,209.02,2018
7/31/2018,5901794.46,45173,130.65,2018
8/1/2018,15008380.63,41855,358.58,2018
8/2/2018,9738692.6,41595,234.13,2018
8/3/2018,4735655.71,26804,176.68,2018
8/4/2018,1074307.93,5390,199.32,2018
8/5/2018,311887.77,1307,238.63,2018
8/6/2018,4476822.56,35393,126.49,2018
8/7/2018,7021084.75,43586,161.09,2018
8/8/2018,7777841.09,45389,171.36,2018
8/9/2018,6951695.76,45389,153.16,2018
8/10/2018,9835197.05,29842,329.58,2018
8/11/2018,965055.11,4830,199.8,2018
8/12/2018,438182.2,1948,224.94,2018
8/13/2018,21866158.58,39282,556.65,2018
8/14/2018,17308952.72,47034,368.01,2018
8/15/2018,26221713.99,47243,555.04,2018
8/16/2018,10364178.54,47689,217.33,2018
8/17/2018,5618867.35,28828,194.91,2018
8/18/2018,872288.72,4945,176.4,2018
8/19/2018,509973.51,2161,235.99,2018
8/20/2018,6536923.27,36493,179.13,2018
8/21/2018,7160161.44,46507,153.96,2018
8/22/2018,6975151.18,47719,146.17,2018
8/23/2018,8434156.77,49318,171.02,2018
8/24/2018,4697951.94,30633,153.36,2018
8/25/2018,1387920.04,6467,214.62,2018
8/26/2018,552192.65,2181,253.18,2018
8/27/2018,9857650.03,36882,267.28,2018
8/28/2018,119704941.9,48484,2468.96,2018
8/29/2018,8229507.08,48086,171.14,2018
8/30/2018,17977346.85,46194,389.17,2018
8/31/2018,4168966.92,24199,172.28,2018
9/1/2018,5073307.33,2449,2071.58,2018
9/2/2018,438445.57,645,679.76,2018
9/3/2018,1176319.81,1345,874.59,2018
9/4/2018,6312404.39,35647,177.08,2018
9/5/2018,9248927.47,46699,198.05,2018
9/6/2018,7409793.39,49339,150.18,2018
9/7/2018,6104137.94,33886,180.14,2018
9/8/2018,1259156.33,7698,163.57,2018
9/9/2018,911247.1,2478,367.73,2018
9/10/2018,4537555.55,35732,126.99,2018
9/11/2018,6943466.99,50920,136.36,2018
9/12/2018,7492138.45,51464,145.58,2018
9/13/2018,17700654.31,53403,331.45,2018
9/14/2018,6051356.09,34720,174.29,2018
9/15/2018,1717210.97,7659,224.21,2018
9/16/2018,618974.71,3048,203.08,2018
9/17/2018,4681312.71,37866,123.63,2018
9/18/2018,5480993.97,50814,107.86,2018
9/19/2018,7144417.88,46302,154.3,2018
9/20/2018,8910092.52,53181,167.54,2018
9/21/2018,6053349.9,34420,175.87,2018
9/22/2018,1763196.69,8916,197.76,2018
9/23/2018,780845.05,3097,252.13,2018
9/24/2018,7902234.57,36962,213.79,2018
9/25/2018,6398004.04,49490,129.28,2018
9/26/2018,8624444.28,50705,170.09,2018
9/27/2018,8684946.4,51148,169.8,2018
9/28/2018,7881359.98,33552,234.9,2018
9/29/2018,1989313.89,9748,204.07,2018
9/30/2018,6037685.66,3583,1685.09,2018
10/1/2018,28582025.74,30941,923.76,2018
10/2/2018,7111974.03,44961,158.18,2018
10/3/2018,16515737.65,43176,382.52,2018
10/4/2018,8667547.17,46468,186.53,2018
10/5/2018,6578395.04,29932,219.78,2018
10/6/2018,1088956.34,5807,187.52,2018
10/7/2018,747177.36,2839,263.18,2018
10/8/2018,4845760.86,33142,146.21,2018
10/9/2018,6615720.36,44913,147.3,2018
10/10/2018,8669205.72,46325,187.14,2018
10/11/2018,10680713.42,47396,225.35,2018
10/12/2018,7032736.56,32560,215.99,2018
10/13/2018,1271659.88,6244,203.66,2018
10/14/2018,525752.23,2668,197.06,2018
10/15/2018,6810380.17,36719,185.47,2018
10/16/2018,39039030.95,51299,761.01,2018
10/17/2018,9476013.02,50459,187.8,2018
10/18/2018,9683865.78,52981,182.78,2018
10/19/2018,6767286.6,34304,197.27,2018
10/20/2018,1411034.47,7260,194.36,2018
10/21/2018,730415.32,2362,309.24,2018
10/22/2018,6965887.22,39415,176.73,2018
10/23/2018,10802915.37,50445,214.15,2018
10/24/2018,8293922.12,50722,163.52,2018
10/25/2018,13830185.48,54801,252.37,2018
10/26/2018,13927164.05,34460,404.15,2018
10/27/2018,1872717.14,9171,204.2,2018
10/28/2018,884154.26,3718,237.8,2018
10/29/2018,9864091.18,40349,244.47,2018
10/30/2018,6814786.64,48999,139.08,2018
10/31/2018,14098504.14,43079,327.27,2018
11/1/2018,20295129.04,49370,411.08,2018
11/2/2018,7499822.4,34934,214.69,2018
11/3/2018,2073155.83,7483,277.05,2018
11/4/2018,573206.33,2469,232.16,2018
11/5/2018,5455860.67,38015,143.52,2018
11/6/2018,10372720.71,49509,209.51,2018
11/7/2018,8359102.46,52019,160.69,2018
11/8/2018,12805207.28,54266,235.97,2018
11/9/2018,7943079.17,36467,217.82,2018
11/10/2018,2917479.59,8549,341.27,2018
11/11/2018,746068.21,3064,243.49,2018
11/12/2018,10021023.58,37571,266.72,2018
11/13/2018,20264445,57515,352.33,2018
11/14/2018,27288060.71,56303,484.66,2018
11/15/2018,26037789.41,54602,476.87,2018
11/16/2018,7641356.59,36170,211.26,2018
11/17/2018,1341701.48,7253,184.99,2018
11/18/2018,710372.51,2471,287.48,2018
11/19/2018,5563554.36,36783,151.25,2018
11/20/2018,7702910.58,38660,199.25,2018
11/21/2018,5379603.25,20518,262.19,2018
11/22/2018,778047.67,2257,344.73,2018
11/23/2018,1325008.8,1567,845.57,2018
11/24/2018,194305.82,692,280.79,2018
11/25/2018,258582.97,961,269.08,2018
11/26/2018,7089413.91,31765,223.18,2018
11/27/2018,6354841.05,46350,137.11,2018
11/28/2018,135680797.4,49929,2717.47,2018
11/29/2018,27715782.81,52171,531.25,2018
11/30/2018,8749865.08,36842,237.5,2018
12/1/2018,4825426.47,10967,440,2018
12/2/2018,1064869.81,3977,267.76,2018
12/3/2018,6607646.67,37165,177.79,2018
12/4/2018,7335574.86,50515,145.22,2018
12/5/2018,8214865.87,51794,158.61,2018
12/6/2018,8862854.28,51009,173.75,2018
12/7/2018,12053530.78,34236,352.07,2018
12/8/2018,1705227.61,7787,218.98,2018
12/9/2018,661254.32,2806,235.66,2018
12/10/2018,6107949.26,36850,165.75,2018
12/11/2018,10253901.45,50216,204.2,2018
12/12/2018,9254657.21,48089,192.45,2018
12/13/2018,13224319.86,47207,280.13,2018
12/14/2018,7791843.37,31709,245.73,2018
12/15/2018,1213383.32,6414,189.18,2018
12/16/2018,467423.07,2318,201.65,2018
12/17/2018,31723394.26,33217,955.03,2018
12/18/2018,9680194.46,40144,241.14,2018
12/19/2018,19528687.81,40355,483.92,2018
12/20/2018,13555759.38,31731,427.21,2018
12/21/2018,11115851.67,18061,615.46,2018
12/22/2018,143889.67,1698,84.74,2018
12/23/2018,189303.81,381,496.86,2018
12/24/2018,2633976.46,3972,663.14,2018
12/25/2018,50892.7,462,110.16,2018
12/26/2018,2163101.55,3700,584.62,2018
12/27/2018,3935536.2,6258,628.88,2018
12/28/2018,4541802.4,5088,892.65,2018
12/29/2018,191883.1,1112,172.56,2018
12/30/2018,870077.75,403,2159,2018
12/31/2018,63859895.49,10456,6107.49,2018
1/1/2019,5141077.22,1831,2807.8,2019
1/2/2019,6165540.81,18246,337.91,2019
1/3/2019,15067596.84,25027,602.05,2019
1/4/2019,8516716,19421,438.53,2019
1/5/2019,495458.94,2505,197.79,2019
1/6/2019,198277.77,1397,141.93,2019
1/7/2019,4428626.96,29975,147.74,2019
1/8/2019,5614944.5,38450,146.03,2019
1/9/2019,6823884.8,38830,175.74,2019
1/10/2019,9589485.43,41286,232.27,2019
1/11/2019,8556653.24,29685,288.25,2019
1/12/2019,1845743.65,7055,261.62,2019
1/13/2019,750290.79,2163,346.88,2019
1/14/2019,5365640.54,35303,151.99,2019
1/15/2019,7022435.02,42606,164.82,2019
1/16/2019,9324514.14,43354,215.08,2019
1/17/2019,6600217.21,45293,145.72,2019
1/18/2019,10234886.13,31745,322.41,2019
1/19/2019,1781808.65,7443,239.39,2019
1/20/2019,448585.04,1906,235.35,2019
1/21/2019,3040262.32,17440,174.33,2019
1/22/2019,5178202.99,43359,119.43,2019
1/23/2019,7580785.62,44272,171.23,2019
1/24/2019,15459697.11,47760,323.7,2019
1/25/2019,5523968.58,33555,164.62,2019
1/26/2019,2035766.95,8611,236.41,2019
1/27/2019,514334.21,1918,268.16,2019
1/28/2019,7083083.19,31750,223.09,2019
1/29/2019,49380923.54,41133,1200.52,2019
1/30/2019,15082591.63,39014,386.59,2019
1/31/2019,9301368.47,41112,226.24,2019
2/1/2019,9516830.41,28797,330.48,2019
2/2/2019,899801.91,5720,157.31,2019
2/3/2019,278377.18,1631,170.68,2019
2/4/2019,10059374.77,33224,302.77,2019
2/5/2019,6673075.41,44238,150.84,2019
2/6/2019,8979674.75,48472,185.25,2019
2/7/2019,15445700.81,52998,291.44,2019
2/8/2019,6658579.91,36625,181.8,2019
2/9/2019,1743346.32,7173,243.04,2019
2/10/2019,566735.55,1997,283.79,2019
2/11/2019,15146585.87,37366,405.36,2019
2/12/2019,5932793.83,45041,131.72,2019
2/13/2019,10980567.61,49453,222.04,2019
2/14/2019,24995130.4,42949,581.97,2019
2/15/2019,32827537.45,29409,1116.24,2019
2/16/2019,727698.7,5048,144.16,2019
2/17/2019,527462.42,1943,271.47,2019
2/18/2019,4287193.39,21380,200.52,2019
2/19/2019,7001850.67,46991,149,2019
2/20/2019,7924997.88,43760,181.1,2019
2/21/2019,11101234.53,52947,209.67,2019
2/22/2019,135368348,34103,3969.4,2019
2/23/2019,1627476.63,8923,182.39,2019
2/24/2019,787997.27,2414,326.43,2019
2/25/2019,10556427.53,37776,279.45,2019
2/26/2019,12236730.81,49323,248.09,2019
2/27/2019,8216224.01,52456,156.63,2019
2/28/2019,10984164.22,51987,211.29,2019
3/1/2019,20584570.81,35144,585.72,2019
3/2/2019,3011355.68,9344,322.28,2019
3/3/2019,1113916.17,2695,413.33,2019
3/4/2019,8386632.91,33300,251.85,2019
3/5/2019,7938006.41,47054,168.7,2019
3/6/2019,8193156.15,45980,178.19,2019
3/7/2019,10480521.2,50995,205.52,2019
3/8/2019,18633005.06,33909,549.5,2019
3/9/2019,1966482.31,7758,253.48,2019
3/10/2019,621532.11,2260,275.01,2019
3/11/2019,5588317.01,35297,158.32,2019
3/12/2019,6819962.21,45831,148.81,2019
3/13/2019,10665697.34,48917,218.04,2019
3/14/2019,9736131.88,48341,201.41,2019
3/15/2019,7439183.61,31881,233.34,2019
3/16/2019,1370801.44,7071,193.86,2019
3/17/2019,555012,2693,206.09,2019
3/18/2019,7447860.44,34366,216.72,2019
3/19/2019,8932132.04,47659,187.42,2019
3/20/2019,8123660.19,46655,174.12,2019
3/21/2019,12400140.56,46874,264.54,2019
3/22/2019,7061028.75,33385,211.5,2019
3/23/2019,1747609.63,8986,194.48,2019
3/24/2019,700052.31,2633,265.88,2019
3/25/2019,5621899.93,35071,160.3,2019
3/26/2019,6198872.47,46976,131.96,2019
3/27/2019,8318735.78,49849,166.88,2019
3/28/2019,11944474.83,47338,252.32,2019
3/29/2019,6646276.73,30738,216.22,2019
3/30/2019,1978250.15,6325,312.77,2019
3/31/2019,7964308.46,3196,2491.96,2019
4/1/2019,207992363,30688,6777.64,2019
4/2/2019,6479811.98,39135,165.58,2019
4/3/2019,8439571.3,42141,200.27,2019
4/4/2019,9141002.32,44865,203.74,2019
4/5/2019,16845459.78,31742,530.7,2019
4/6/2019,1959400.26,10278,190.64,2019
4/7/2019,1195462.96,2580,463.36,2019
4/8/2019,5364051.37,35774,149.94,2019
4/9/2019,10682229.17,45922,232.62,2019
4/10/2019,9204104.77,47018,195.76,2019
4/11/2019,9893488.36,50307,196.66,2019
4/12/2019,12018572.07,37350,321.78,2019
4/13/2019,2229704.33,9574,232.89,2019
4/14/2019,1012876.35,2614,387.48,2019
4/15/2019,6298694.23,37172,169.45,2019
4/16/2019,6541322.57,46870,139.56,2019
4/17/2019,8482891.26,46128,183.9,2019
4/18/2019,8711041.04,45956,189.55,2019
4/19/2019,5885313.79,19948,295.03,2019
4/20/2019,453290.96,2684,168.89,2019
4/21/2019,233238.98,716,325.75,2019
4/22/2019,10039574.15,32107,312.69,2019
4/23/2019,5862509.4,43912,133.51,2019
4/24/2019,8913564.98,46789,190.51,2019
4/25/2019,11058490.53,48679,227.17,2019
4/26/2019,10519951.71,34652,303.59,2019
4/27/2019,2353293.89,9424,249.71,2019
4/28/2019,697322.84,2399,290.67,2019
4/29/2019,5467108.31,33918,161.19,2019
4/30/2019,14279127.07,47273,302.06,2019
5/1/2019,13901281.47,46427,299.42,2019
5/2/2019,10213882.23,47174,216.52,2019
5/3/2019,7606771.71,34763,218.82,2019
5/4/2019,2957700.51,9535,310.19,2019
5/5/2019,883091.99,4149,212.84,2019
5/6/2019,6349532.67,37355,169.98,2019
5/7/2019,8220206.93,48252,170.36,2019
5/8/2019,8980585.08,48317,185.87,2019
5/9/2019,12513292.59,50864,246.01,2019
5/10/2019,8819162.78,32807,268.82,2019
5/11/2019,965181.56,6024,160.22,2019
5/12/2019,270437.61,1474,183.47,2019
5/13/2019,17266402.61,38244,451.48,2019
5/14/2019,22789863.69,47236,482.47,2019
5/15/2019,30135887.11,48102,626.5,2019
5/16/2019,16873563.02,49909,338.09,2019
5/17/2019,8077585.44,34631,233.25,2019
5/18/2019,1823421.94,8366,217.96,2019
5/19/2019,1196070.09,4250,281.43,2019
5/20/2019,5879799.16,37976,154.83,2019
5/21/2019,6796953.19,46743,145.41,2019
5/22/2019,10362011.1,46218,224.2,2019
5/23/2019,10981907.68,45507,241.32,2019
5/24/2019,10744770.47,24079,446.23,2019
5/25/2019,392075.61,2449,160.1,2019
5/26/2019,330507.66,913,362,2019
5/27/2019,914090.94,1343,680.63,2019
5/28/2019,138034721.6,37673,3664.02,2019
5/29/2019,8303064.62,43203,192.19,2019
5/30/2019,17148404.9,47211,363.23,2019
5/31/2019,15430219.39,33368,462.43,2019
6/1/2019,2338768.22,7908,295.75,2019
6/2/2019,575130.48,2406,239.04,2019
6/3/2019,6720957.93,34446,195.12,2019
6/4/2019,6462908.15,44195,146.24,2019
6/5/2019,9616889.61,44799,214.67,2019
6/6/2019,8842613.36,47461,186.31,2019
6/7/2019,6506101.61,31922,203.81,2019
6/8/2019,2136644.45,10616,201.27,2019
6/9/2019,974043.37,2991,325.66,2019
6/10/2019,5471962.85,36271,150.86,2019
6/11/2019,10051721.07,44775,224.49,2019
6/12/2019,11178597.44,46808,238.82,2019
6/13/2019,17251420.51,47180,365.65,2019
6/14/2019,7102077.66,30939,229.55,2019
6/15/2019,1350081.37,4788,281.97,2019
6/16/2019,476233.72,1391,342.37,2019
6/17/2019,5816456.78,34347,169.34,2019
6/18/2019,6564325.59,45054,145.7,2019
6/19/2019,10130210.62,45422,223.02,2019
6/20/2019,8839658.74,45718,193.35,2019
6/21/2019,6364346.6,30471,208.87,2019
6/22/2019,1532031.34,7838,195.46,2019
6/23/2019,453975.43,1908,237.93,2019
6/24/2019,5313507.47,34515,153.95,2019
6/25/2019,12558368.63,46096,272.44,2019
6/26/2019,10525768.1,46144,228.11,2019
6/27/2019,10434236.57,46161,226.04,2019
6/28/2019,7548346.65,28167,267.99,2019
6/29/2019,1635486.41,5331,306.79,2019
6/30/2019,7853049.36,3462,2268.36,2019
7/1/2019,9034891.82,26536,340.48,2019
7/2/2019,6359269.5,30121,211.12,2019
7/3/2019,15333052.07,21646,708.35,2019
7/4/2019,1092425.97,1973,553.69,2019
7/5/2019,1744385.66,3862,451.68,2019
7/6/2019,476918.79,1158,411.85,2019
7/7/2019,733521.65,752,975.43,2019
7/8/2019,3970705.56,29721,133.6,2019
7/9/2019,8255179.22,42075,196.2,2019
7/10/2019,8847996.4,42996,205.79,2019
7/11/2019,8012752.92,42758,187.4,2019
7/12/2019,10196565.15,28402,359.01,2019
7/13/2019,1396657.4,5215,267.82,2019
7/14/2019,435601.27,1539,283.04,2019
7/15/2019,8014752.75,34482,232.43,2019
7/16/2019,5926697.22,43023,137.76,2019
7/17/2019,9777375.94,43705,223.71,2019
7/18/2019,7768233.08,44742,173.62,2019
7/19/2019,5173064.37,27571,187.63,2019
7/20/2019,909320.36,5213,174.43,2019
7/21/2019,365612.83,1609,227.23,2019
7/22/2019,4956275.82,31199,158.86,2019
7/23/2019,5433321.48,42094,129.08,2019
7/24/2019,7009680.57,42844,163.61,2019
7/25/2019,12611246.68,47386,266.14,2019
7/26/2019,9978902.03,27533,362.43,2019
7/27/2019,889729.38,5080,175.14,2019
7/28/2019,551898.58,1693,325.99,2019
7/29/2019,7860606.42,32658,240.69,2019
7/30/2019,4682872.42,42206,110.95,2019
7/31/2019,8113631.87,41641,194.85,2019
8/1/2019,17331252.96,38618,448.79,2019
8/2/2019,5044151.75,25152,200.55,2019
8/3/2019,792804.21,4040,196.24,2019
8/4/2019,391927.49,1298,301.95,2019
8/5/2019,5734661.94,31765,180.53,2019
8/6/2019,5496030.74,41274,133.16,2019
8/7/2019,7857201.73,41471,189.46,2019
8/8/2019,8075656.49,41134,196.33,2019
8/9/2019,5022876.98,27967,179.6,2019
8/10/2019,1732040.57,6459,268.16,2019
8/11/2019,404189.54,1624,248.89,2019
8/12/2019,14423257.32,32439,444.63,2019
8/13/2019,17982946.01,46594,385.95,2019
8/14/2019,27695533.62,44811,618.05,2019
8/15/2019,26704871.95,46146,578.7,2019
8/16/2019,5770771.14,27999,206.11,2019
8/17/2019,1279556.09,6478,197.52,2019
8/18/2019,297733.01,1433,207.77,2019
8/19/2019,4882791.56,33657,145.08,2019
8/20/2019,6813274.12,47197,144.36,2019
8/21/2019,9036878.49,46502,194.33,2019
8/22/2019,8658187.53,47127,183.72,2019
8/23/2019,66574470.01,30541,2179.84,2019
8/24/2019,2209006.93,6522,338.7,2019
8/25/2019,506856.05,2856,177.47,2019
8/26/2019,5839289.8,34101,171.24,2019
8/27/2019,7422009.43,48648,152.57,2019
8/28/2019,11430290.28,44914,254.49,2019
8/29/2019,13063261.58,42745,305.61,2019
8/30/2019,11898726.02,21230,560.47,2019
8/31/2019,1608386.24,2777,579.18,2019
9/1/2019,786842.51,1165,675.4,2019
9/2/2019,1075343.99,1189,904.41,2019
9/3/2019,4672197.4,32033,145.86,2019
9/4/2019,12483313.64,40122,311.13,2019
9/5/2019,12632162.36,45841,275.56,2019
9/6/2019,6636837.19,30361,218.6,2019
9/7/2019,1057235.11,6985,151.36,2019
9/8/2019,621716.13,2211,281.19,2019
9/9/2019,4663156.07,33950,137.35,2019
9/10/2019,5730390.99,50713,113,2019
9/11/2019,6955409.09,46773,148.71,2019
9/12/2019,8528008.06,49631,171.83,2019
9/13/2019,6521714.73,33833,192.76,2019
9/14/2019,1369024.56,8329,164.37,2019
9/15/2019,1983734.92,2811,705.7,2019
9/16/2019,5379106.42,37117,144.92,2019
9/17/2019,6671469.19,46963,142.06,2019
9/18/2019,7337189.04,47973,152.94,2019
9/19/2019,8603678.07,49435,174.04,2019
9/20/2019,6893739.77,32647,211.16,2019
9/21/2019,2500200.81,8071,309.78,2019
9/22/2019,677705.09,2442,277.52,2019
9/23/2019,5635483.22,36381,154.9,2019
9/24/2019,6479466.61,43679,148.34,2019
9/25/2019,12512387.71,46657,268.18,2019
9/26/2019,9574093.04,47279,202.5,2019
9/27/2019,9011098.14,31009,290.6,2019
9/28/2019,2272071.58,7314,310.65,2019
9/29/2019,461226.29,1596,288.99,2019
9/30/2019,13450722.34,34728,387.32,2019
10/1/2019,72625092.29,40665,1785.94,2019
10/2/2019,7751340.54,44256,175.15,2019
10/3/2019,16143996.36,52306,308.65,2019
10/4/2019,6681013.52,31529,211.9,2019
10/5/2019,1515042.02,8107,186.88,2019
10/6/2019,583020.98,2350,248.09,2019
10/7/2019,5086518.76,32664,155.72,2019
10/8/2019,6599916.6,46424,142.17,2019
10/9/2019,9460079.33,41652,227.12,2019
10/10/2019,10931176.37,49002,223.08,2019
10/11/2019,8444697.37,30491,276.96,2019
10/12/2019,2207401.3,8621,256.05,2019
10/13/2019,747294.04,3312,225.63,2019
10/14/2019,4373517.83,28471,153.61,2019
10/15/2019,7326097.54,44853,163.34,2019
10/16/2019,8973563.26,46601,192.56,2019
10/17/2019,16198592.54,48491,334.05,2019
10/18/2019,7075383,33598,210.59,2019
10/19/2019,1541089.54,8015,192.28,2019
10/20/2019,470794.85,2481,189.76,2019
10/21/2019,6251750.86,35159,177.81,2019
10/22/2019,14862265.71,45428,327.16,2019
10/23/2019,9965332.95,47490,209.84,2019
10/24/2019,12839809.01,50628,253.61,2019
10/25/2019,8503293.06,37974,223.92,2019
10/26/2019,2757153.05,7393,372.94,2019
10/27/2019,603144.32,2449,246.28,2019
10/28/2019,6543699.05,36324,180.15,2019
10/29/2019,8379212.06,48369,173.24,2019
10/30/2019,13369143.25,49225,271.59,2019
10/31/2019,7964881.7,40869,194.89,2019
11/1/2019,13968940.7,30665,455.53,2019
11/2/2019,1700649.23,7011,242.57,2019
11/3/2019,576380.28,2245,256.74,2019
11/4/2019,7487252.58,34610,216.33,2019
11/5/2019,19168902.45,47152,406.53,2019
11/6/2019,9226131.24,49979,184.6,2019
11/7/2019,10449678.82,52612,198.62,2019
11/8/2019,16678557.67,34274,486.62,2019
11/9/2019,1623177.07,8255,196.63,2019
11/10/2019,683575.4,3131,218.32,2019
11/11/2019,6540865.06,31867,205.26,2019
11/12/2019,12346110.93,54856,225.06,2019
11/13/2019,17666915.44,51546,342.74,2019
11/14/2019,326863565.2,55700,5868.29,2019
11/15/2019,26539373.77,35588,745.74,2019
11/16/2019,1593555.64,8341,191.05,2019
11/17/2019,752687.1,2642,284.89,2019
11/18/2019,7244760.24,38476,188.29,2019
11/19/2019,8189243.05,53936,151.83,2019
11/20/2019,8854943.36,51918,170.56,2019
11/21/2019,10283792.05,51668,199.04,2019
11/22/2019,68179919.33,31036,2196.8,2019
11/23/2019,975752.68,5853,166.71,2019
11/24/2019,632057.6,1563,404.39,2019
11/25/2019,15480929.65,29427,526.08,2019
11/26/2019,15885882.35,35851,443.11,2019
11/27/2019,6099432.25,16963,359.57,2019
11/28/2019,726077.76,1657,438.19,2019
11/29/2019,4109855.98,1255,3274.79,2019
11/30/2019,1126447.77,942,1195.8,2019
12/1/2019,1629807.96,2095,777.95,2019
12/2/2019,6658858.66,28735,231.73,2019
12/3/2019,6028422.83,42707,141.16,2019
12/4/2019,12179116.49,45516,267.58,2019
12/5/2019,9509046.19,50510,188.26,2019
12/6/2019,7064816.02,33453,211.19,2019
12/7/2019,1467231.55,7350,199.62,2019
12/8/2019,659325.86,3026,217.89,2019
12/9/2019,6328478.76,35545,178.04,2019
12/10/2019,7112056.91,44783,158.81,2019
12/11/2019,9493756.96,45376,209.22,2019
12/12/2019,8616127.2,43008,200.34,2019
12/13/2019,6989901.21,29249,238.98,2019
12/14/2019,946391.12,6226,152.01,2019
12/15/2019,1134467.14,2659,426.65,2019
12/16/2019,5188353.01,37097,139.86,2019
12/17/2019,6430257.52,37650,170.79,2019
12/18/2019,7768928.31,38584,201.35,2019
12/19/2019,7394964.35,33402,221.39,2019
12/20/2019,10953919.75,20598,531.8,2019
12/21/2019,171469.19,2131,80.46,2019
12/22/2019,395745.25,564,701.68,2019
12/23/2019,4168566.18,9784,426.06,2019
12/24/2019,1986479.62,12246,162.21,2019
12/25/2019,307655.11,518,593.93,2019
12/26/2019,2258471.84,2460,918.08,2019
12/27/2019,4601568.66,3809,1208.08,2019
12/28/2019,231475.87,577,401.17,2019
12/29/2019,65293.72,282,231.54,2019
12/30/2019,2787926.8,4414,631.61,2019
12/31/2019,43128426.46,9730,4432.52,2019
NA,0,0,,2013
NA,0,0,,2014
NA,0,0,,2015
NA,0,0,,2016
NA,0,0,,2017
NA,0,0,,2018
NA,0,0,,2019
